frame,timestamp,image_x,image_y,pitch_x,pitch_y,confidence,homography_inliers
0,0.0,,,,,,5
1,0.04,1011.046875,331.625,59.25142288208008,4.646003246307373,0.57275390625,5
2,0.08,1011.28125,331.625,59.22175979614258,4.319396018981934,0.56591796875,5
3,0.12,1011.375,331.625,59.25349426269531,4.685681343078613,0.56591796875,5
4,0.16,1011.78125,331.625,59.28242111206055,4.225709438323975,0.5869140625,5
5,0.2,1012.0,331.625,59.3132438659668,4.226529121398926,0.552734375,5
6,0.24,1012.5,331.625,59.2526969909668,4.245758533477783,0.60595703125,5
7,0.28,1012.96875,331.625,59.2894287109375,4.188711643218994,0.5537109375,5
8,0.32,1013.46875,331.875,59.2486457824707,4.238256454467773,0.5458984375,5
9,0.36,1014.65625,332.125,59.236289978027344,4.558531761169434,0.533203125,5
10,0.4,1015.46875,332.125,59.30574417114258,4.328702926635742,0.5107421875,5
11,0.44,1015.90625,332.125,59.267879486083984,4.700812339782715,0.60009765625,5
12,0.48,1016.59375,332.125,59.32395935058594,4.69603967666626,0.6298828125,5
13,0.52,1018.046875,332.125,59.36750411987305,4.274857044219971,0.625,5
14,0.56,1021.390625,332.125,59.281158447265625,4.560434341430664,0.57763671875,5
15,0.6,1023.796875,332.125,59.383094787597656,4.518836975097656,0.552734375,5
16,0.64,1026.34375,332.125,59.44184112548828,4.286636829376221,0.498046875,5
17,0.68,1029.0,332.5,59.59596633911133,4.29890775680542,0.5869140625,5
18,0.72,1031.71875,332.5,59.67652893066406,4.331434726715088,0.57470703125,5
19,0.76,1037.21875,332.5,59.646549224853516,4.571350574493408,0.5947265625,5
20,0.8,1039.9375,332.5,59.703208923339844,4.292932033538818,0.525390625,5
21,0.84,1042.96875,332.5,59.6478271484375,4.308879852294922,0.5224609375,5
22,0.88,1046.03125,332.5,59.79212951660156,4.253154754638672,0.556640625,5
23,0.92,1049.21875,332.5,59.850486755371094,4.524568557739258,0.64501953125,5
24,0.96,1056.1875,332.125,59.900962829589844,4.186213493347168,0.537109375,5
25,1.0,1059.53125,332.5,59.9897575378418,4.2847185134887695,0.4072265625,5
26,1.04,1063.0625,332.5,60.11457061767578,4.2792134284973145,0.5400390625,5
27,1.08,1067.34375,332.5,60.09120559692383,4.280070781707764,0.5927734375,5
28,1.12,1070.84375,332.125,60.23945236206055,4.843998432159424,0.5458984375,5
29,1.16,1079.21875,332.5,60.356197357177734,4.657212257385254,0.4560546875,5
30,1.2,1083.65625,332.5,60.375328063964844,4.848709583282471,0.3720703125,5
31,1.24,1088.375,332.5,60.4986572265625,4.5550312995910645,0.405517578125,5
32,1.28,1091.4375,296.5,60.53147506713867,-2.3051838874816895,0.346923828125,5
33,1.32,987.5,267.5,,,0.2822265625,5
34,1.36,756.0,172.1875,,,0.17919921875,5
35,1.4,732.25,360.625,49.51861572265625,9.130542755126953,0.275634765625,5
36,1.44,,,,,,5
37,1.48,,,,,,5
38,1.52,462.5,462.8125,43.27418518066406,23.881206512451172,0.388671875,5
39,1.56,357.125,477.90625,40.68199157714844,25.694334030151367,0.1744384765625,5
40,1.6,361.875,478.09375,40.697872161865234,25.506906509399414,0.158935546875,5
41,1.64,365.625,478.15625,40.725791931152344,25.693180084228516,0.20849609375,5
42,1.68,370.625,477.984375,40.622962951660156,25.437156677246094,0.373779296875,5
43,1.72,375.625,477.75,40.84284973144531,25.448986053466797,0.5126953125,5
44,1.76,,,,,,5
45,1.8,,,,,,5
46,1.84,368.5,475.96875,40.229583740234375,25.12818145751953,0.307861328125,5
47,1.88,374.75,476.171875,40.200469970703125,25.025238037109375,0.1566162109375,5
48,1.92,,,,,,5
49,1.96,,,,,,5
50,2.0,,,,,,5
51,2.04,,,,,,5
52,2.08,,,,,,5
53,2.12,,,,,,5
54,2.16,287.375,354.625,33.38694763183594,5.866477966308594,0.5888671875,5
55,2.2,291.75,355.375,33.38627243041992,5.881289958953857,0.42626953125,5
56,2.24,298.875,356.0,33.41172409057617,5.671328544616699,0.35302734375,5
57,2.28,303.0,355.375,33.629703521728516,6.006619930267334,0.42626953125,5
58,2.32,310.125,354.75,33.56060028076172,5.839095592498779,0.376708984375,5
59,2.36,319.625,354.625,33.952659606933594,5.753283500671387,0.167724609375,5
60,2.4,332.75,355.0,33.894779205322266,5.492444038391113,0.392333984375,5
61,2.44,336.0,354.375,39.945560455322266,1.9384537935256958,0.39599609375,6
62,2.48,324.75,356.25,39.173091888427734,2.3735809326171875,0.53515625,6
63,2.52,313.75,357.5,38.87580108642578,2.9791386127471924,0.290283203125,6
64,2.56,296.375,363.75,37.85074234008789,4.515491485595703,0.5029296875,6
65,2.6,289.0,368.5,37.196258544921875,5.66402006149292,0.48046875,6
66,2.64,282.5,374.25,36.805625915527344,6.8517632484436035,0.5166015625,6
67,2.68,277.25,379.75,32.006099700927734,8.265060424804688,0.521484375,6
68,2.72,272.25,386.875,25.356225967407227,10.564857482910156,0.45703125,5
69,2.76,265.5,403.75,33.058753967285156,12.779888153076172,0.338134765625,6
70,2.8,264.625,412.5,33.97096633911133,14.165173530578613,0.474609375,6
71,2.84,264.25,422.875,27.747962951660156,15.035887718200684,0.470703125,5
72,2.88,264.5,425.625,27.28805160522461,15.945798873901367,0.642578125,5
73,2.92,265.375,427.0,27.335826873779297,15.912193298339844,0.381103515625,5
74,2.96,266.0,431.5,27.537445068359375,16.310195922851562,0.45703125,5
75,3.0,264.75,434.5,27.59869384765625,16.7994441986084,0.6083984375,5
76,3.04,264.25,439.625,30.9706974029541,16.45863914489746,0.369384765625,4
77,3.08,264.0,445.44921875,25.307159423828125,20.7977294921875,0.394287109375,5
78,3.12,262.0625,448.90869140625,33.15268325805664,21.945545196533203,0.6591796875,5
79,3.16,259.25,463.84765625,16.653457641601562,30.225120544433594,0.6142578125,4
80,3.2,257.125,471.859375,25.980419158935547,24.210874557495117,0.350341796875,5
81,3.24,255.75,474.65625,34.03455352783203,24.795005798339844,0.455078125,5
82,3.28,255.75,474.796875,33.78456115722656,24.71856689453125,0.529296875,5
83,3.32,255.625,475.484375,5.746026515960693,40.10532760620117,0.4814453125,4
84,3.36,255.5,479.625,,,0.544921875,4
85,3.4,255.1875,482.8125,5.362651348114014,42.54208755493164,0.517578125,4
86,3.44,254.0,487.234375,7.800875663757324,41.470359802246094,0.548828125,4
87,3.48,253.125,491.40625,,,0.474609375,4
88,3.52,251.875,497.796875,7.949862003326416,44.583885192871094,0.470703125,4
89,3.56,249.4375,510.25,2.463850975036621,50.402557373046875,0.537109375,4
90,3.6,249.375,512.734375,,,0.64794921875,4
91,3.64,250.375,511.40625,6.100798606872559,51.44989776611328,0.5126953125,4
92,3.68,251.25,510.375,-0.6930696368217468,59.30345153808594,0.6689453125,4
93,3.72,252.125,510.421875,4.942630290985107,55.243045806884766,0.408203125,4
94,3.76,255.1875,512.375,,,0.57958984375,4
95,3.8,256.875,515.625,26.122766494750977,31.451494216918945,0.4951171875,5
96,3.84,257.8125,518.3125,25.90120506286621,31.692989349365234,0.440673828125,5
97,3.88,259.6875,522.5,25.414348602294922,31.765010833740234,0.6416015625,5
98,3.92,262.1875,528.125,26.40593147277832,32.81025695800781,0.6318359375,5
99,3.96,267.625,530.625,26.6926212310791,33.53083419799805,0.6083984375,5
100,4.0,270.375,530.375,22.177663803100586,28.563732147216797,0.64892578125,4
101,4.04,274.0,530.625,39.15802764892578,34.83085632324219,0.63623046875,5
102,4.08,276.25,531.71875,34.003475189208984,37.276405334472656,0.65576171875,4
103,4.12,279.75,532.28125,30.278644561767578,38.04181671142578,0.5830078125,5
104,4.16,284.125,537.8125,24.281009674072266,31.82425880432129,0.5224609375,4
105,4.2,287.25,542.375,29.82151222229004,38.51655960083008,0.5361328125,5
106,4.24,289.5,543.5625,28.159021377563477,37.321414947509766,0.62451171875,5
107,4.28,290.75,543.34375,29.39613151550293,37.69791030883789,0.63427734375,4
108,4.32,292.125,544.0625,30.3361759185791,38.67028045654297,0.673828125,4
109,4.36,292.5,546.875,28.827760696411133,37.51762771606445,0.65771484375,4
110,4.4,292.125,549.15625,30.773019790649414,39.483768463134766,0.69091796875,4
111,4.44,291.5,550.78125,30.719940185546875,39.168880462646484,0.63525390625,4
112,4.48,292.0,550.09375,29.930036544799805,38.56858825683594,0.56103515625,4
113,4.52,290.75,550.40625,28.699331283569336,37.97201156616211,0.5869140625,4
114,4.56,290.625,551.5625,29.498687744140625,38.627716064453125,0.6083984375,4
115,4.6,288.75,555.25,34.03876495361328,39.751548767089844,0.544921875,4
116,4.64,288.375,556.5,34.46133804321289,40.016353607177734,0.4892578125,4
117,4.68,287.625,556.25,34.43144226074219,40.00604248046875,0.53515625,0
118,4.72,287.0,556.25,34.415794372558594,40.00944900512695,0.60107421875,0
119,4.76,285.0,556.25,34.55112838745117,39.74163818359375,0.5263671875,4
120,4.8,283.625,559.5,34.66002655029297,39.93353271484375,0.5126953125,0
121,4.84,282.25,561.40625,38.42634582519531,40.919166564941406,0.68359375,4
122,4.88,280.75,560.21875,40.54446792602539,39.357295989990234,0.716796875,4
123,4.92,278.25,556.3125,40.47150421142578,39.067264556884766,0.70068359375,0
124,4.96,277.25,554.6875,40.44181442260742,38.94636535644531,0.7177734375,0
125,5.0,274.0,552.71875,40.36875915527344,38.80008316040039,0.7001953125,0
126,5.04,273.125,552.71875,40.352867126464844,38.80024719238281,0.732421875,0
127,5.08,273.0,553.8125,40.35840606689453,38.88187789916992,0.72119140625,0
128,5.12,273.0,555.84375,40.37289047241211,39.03322982788086,0.69091796875,0
129,5.16,273.75,558.5,40.4053840637207,39.23064422607422,0.712890625,0
130,5.2,274.75,566.375,40.479209899902344,39.813594818115234,0.669921875,0
131,5.24,273.875,568.5,40.47837448120117,39.9703369140625,0.7216796875,0
132,5.28,272.25,567.5625,40.442420959472656,39.90138244628906,0.71484375,0
133,5.32,270.875,568.15625,,,0.67333984375,0
134,5.36,267.875,568.75,,,0.68603515625,0
135,5.4,264.875,572.0,,,0.70751953125,0
136,5.44,262.3125,575.25,,,0.7138671875,0
137,5.48,260.0625,577.6875,,,0.75341796875,0
138,5.52,256.375,576.125,,,0.67724609375,0
139,5.56,252.25,574.90625,,,0.68017578125,0
140,5.6,245.8125,574.25,,,0.69189453125,0
141,5.64,242.375,575.75,,,0.7099609375,0
142,5.68,239.6875,577.0,,,0.7216796875,0
143,5.72,236.75,579.75,,,0.69091796875,0
144,5.76,233.875,582.5625,,,0.712890625,0
145,5.8,231.4375,580.75,,,0.6689453125,0
146,5.84,232.9375,579.1875,,,0.7001953125,0
147,5.88,233.875,578.0,,,0.70068359375,0
148,5.92,236.875,578.375,20.149999618530273,33.22542190551758,0.6953125,4
149,5.96,241.75,578.5,20.149999618530273,33.32331848144531,0.55712890625,4
150,6.0,243.3125,583.25,29.119718551635742,48.10724639892578,0.65234375,4
151,6.04,245.125,586.25,29.385753631591797,48.48809814453125,0.63525390625,4
152,6.08,248.125,589.75,29.206533432006836,48.73078536987305,0.6943359375,4
153,6.12,249.75,589.0,28.948545455932617,48.63714599609375,0.69775390625,4
154,6.16,250.75,587.5,28.834121704101562,48.450748443603516,0.6416015625,4
155,6.2,255.375,587.5,20.348127365112305,44.259273529052734,0.615234375,4
156,6.24,255.0,588.0,29.36745262145996,48.79939651489258,0.6142578125,5
157,6.28,255.9375,589.5,28.967931747436523,49.085208892822266,0.46875,5
158,6.32,255.625,592.5,29.140005111694336,49.201534271240234,0.6533203125,5
159,6.36,256.625,595.25,29.414445877075195,49.802734375,0.58203125,5
160,6.4,256.75,593.75,30.41982078552246,50.617523193359375,0.6494140625,5
161,6.44,256.75,593.75,29.407764434814453,49.58366012573242,0.70556640625,5
162,6.48,256.25,594.25,29.32264518737793,49.88107681274414,0.6123046875,5
163,6.52,258.125,595.5,29.875995635986328,49.938846588134766,0.626953125,5
164,6.56,258.625,597.25,30.339319229125977,50.63805389404297,0.65771484375,5
165,6.6,258.75,602.5,29.867277145385742,50.75809097290039,0.7041015625,5
166,6.64,261.625,602.75,29.93709945678711,50.64131546020508,0.359375,5
167,6.68,258.25,601.8125,30.06560707092285,50.336265563964844,0.66259765625,4
168,6.72,257.375,601.25,30.85887336730957,51.0980224609375,0.68505859375,5
169,6.76,256.375,602.25,29.8059024810791,50.05223846435547,0.71240234375,4
170,6.8,255.0,606.25,29.956199645996094,50.72549057006836,0.72265625,4
171,6.84,253.375,609.0,30.874042510986328,52.25398254394531,0.73095703125,5
172,6.88,251.4375,608.0,30.654996871948242,52.04880905151367,0.73876953125,5
173,6.92,248.9375,608.0,20.149999618530273,34.83308029174805,0.72021484375,4
174,6.96,247.375,607.75,29.977609634399414,51.47951126098633,0.7265625,5
175,7.0,242.5,610.75,20.149999618530273,34.45375442504883,0.5908203125,4
176,7.04,239.0625,611.5,20.149999618530273,34.61426544189453,0.67724609375,4
177,7.08,235.125,612.5,20.149999618530273,34.583518981933594,0.6943359375,4
178,7.12,232.6875,613.0,20.149999618530273,34.82526779174805,0.66650390625,4
179,7.16,229.0,614.6875,20.149999618530273,34.748592376708984,0.65478515625,4
180,7.2,220.0,615.25,20.149999618530273,34.857093811035156,0.6689453125,4
181,7.24,214.6875,616.5,20.149999618530273,34.695125579833984,0.4931640625,4
182,7.28,235.75,610.0,20.149999618530273,34.33567810058594,0.248046875,4
183,7.32,280.375,594.5,20.150005340576172,32.93861770629883,0.45703125,4
184,7.36,319.875,580.375,20.149999618530273,32.087982177734375,0.4755859375,4
185,7.4,427.5,568.4375,20.149999618530273,29.074609756469727,0.4921875,4
186,7.44,437.5,541.25,20.149999618530273,28.27080726623535,0.57568359375,4
187,7.48,475.0,528.1875,20.149999618530273,27.43950843811035,0.466796875,4
188,7.52,510.9765625,515.59375,20.149999618530273,26.534469604492188,0.521484375,4
189,7.56,543.75,502.125,20.149999618530273,25.7200870513916,0.446533203125,0
190,7.6,605.75,478.03125,20.120155334472656,25.81087303161621,0.57861328125,4
191,7.64,629.75,465.625,18.122583389282227,23.967111587524414,0.5546875,4
192,7.68,659.625,453.16796875,17.918737411499023,23.949920654296875,0.56884765625,0
193,7.72,685.125,441.5,17.881940841674805,24.127588272094727,0.60302734375,4
194,7.76,707.9375,429.0,25.36367416381836,29.260448455810547,0.544921875,4
195,7.8,754.875,405.875,32.25930404663086,31.740629196166992,0.42822265625,4
196,7.84,775.625,395.75,33.33592224121094,31.446178436279297,0.63330078125,4
197,7.88,795.75,384.75,41.934757232666016,34.31435775756836,0.57861328125,4
198,7.92,814.0,373.75,34.42642593383789,30.589496612548828,0.638671875,4
199,7.96,832.5,362.875,35.95162582397461,30.203805923461914,0.65771484375,4
200,8.0,863.75,342.5,36.66714859008789,28.553117752075195,0.595703125,4
201,8.04,877.125,334.0,38.809879302978516,28.70708465576172,0.69091796875,5
202,8.08,889.375,324.75,39.777496337890625,27.98221206665039,0.69677734375,5
203,8.12,900.625,316.5,40.875389099121094,27.39354133605957,0.69287109375,5
204,8.16,910.875,308.375,41.934303283691406,25.949434280395508,0.69921875,5
205,8.2,928.5,293.75,44.63985061645508,24.9908447265625,0.76904296875,4
206,8.24,937.875,286.75,45.7132453918457,24.05166244506836,0.68603515625,4
207,8.28,945.875,280.5,46.936344146728516,23.23143196105957,0.72021484375,4
208,8.32,953.375,273.25,48.02410888671875,22.167699813842773,0.55810546875,4
209,8.36,961.875,268.125,47.51468276977539,24.02039909362793,0.75341796875,5
210,8.4,977.01171875,260.0,49.08092498779297,22.892168045043945,0.689453125,6
211,8.44,982.48046875,255.625,50.75028610229492,22.397764205932617,0.48046875,5
212,8.48,988.125,253.25,51.75659942626953,22.379497528076172,0.7646484375,5
213,8.52,994.375,250.0,52.58849334716797,22.450143814086914,0.75048828125,4
214,8.56,999.125,247.625,53.4576301574707,22.27410125732422,0.79248046875,4
215,8.6,1007.75,243.5625,55.42970657348633,22.301525115966797,0.765625,4
216,8.64,1011.5,242.0625,56.43696594238281,22.48016357421875,0.70751953125,4
217,8.68,1015.0,241.125,57.45796203613281,22.73350715637207,0.72021484375,4
218,8.72,1018.75,240.3125,58.49642562866211,23.028743743896484,0.67041015625,4
219,8.76,1020.25,240.5,59.46356201171875,23.2760066986084,0.8203125,4
220,8.8,1024.5,242.3125,61.66493606567383,23.92951774597168,0.8076171875,4
221,8.84,1024.75,244.25,62.711395263671875,24.292850494384766,0.81640625,4
222,8.88,1024.453125,247.0625,63.571224212646484,24.586942672729492,0.794921875,4
223,8.92,1024.5625,249.875,64.58686065673828,25.071868896484375,0.77197265625,4
224,8.96,1025.1875,253.1875,65.52362060546875,25.483312606811523,0.83056640625,4
225,9.0,1025.75,261.0,67.03074645996094,26.463987350463867,0.7744140625,4
226,9.04,1025.625,266.0,67.76626586914062,27.24900245666504,0.80419921875,4
227,9.08,1027.59375,270.25,68.22250366210938,27.92513656616211,0.802734375,5
228,9.12,1028.75,276.75,68.75016784667969,28.69270133972168,0.81298828125,5
229,9.16,1031.0,283.125,,,0.78662109375,4
230,9.2,1036.15625,296.875,60.0,65.72538757324219,0.7080078125,4
231,9.24,1039.59375,303.875,60.0,54.75355911254883,0.43310546875,4
232,9.28,1041.5,312.375,71.69469451904297,32.223289489746094,0.382080078125,4
233,9.32,1045.3125,320.875,60.0,45.20346450805664,0.70263671875,4
234,9.36,1048.75,329.625,72.5168228149414,34.221256256103516,0.7255859375,4
235,9.4,1056.3125,349.75,73.6473159790039,35.792842864990234,0.7607421875,4
236,9.44,1061.8125,359.625,74.09974670410156,36.96602249145508,0.69580078125,4
237,9.48,1068.75,370.625,74.61905670166016,37.70051193237305,0.6162109375,4
238,9.52,1075.75,381.5,75.2824935913086,38.878475189208984,0.68505859375,5
239,9.56,1085.0,393.375,75.69309997558594,40.03192901611328,0.61669921875,5
240,9.6,1102.0,418.75,76.36946868896484,41.74014663696289,0.62890625,5
241,9.64,1111.5,430.375,76.79434967041016,42.498878479003906,0.65478515625,5
242,9.68,1124.5,443.125,77.2602767944336,42.9924201965332,0.6435546875,5
243,9.72,1137.8125,456.875,77.44302368164062,44.645565032958984,0.5263671875,4
244,9.76,1152.9375,470.25,77.8562240600586,45.4900016784668,0.59375,4
245,9.8,1186.25,498.75,77.99789428710938,47.14154052734375,0.5009765625,4
246,9.84,1205.875,512.875,88.22782135009766,37.97472381591797,0.5205078125,4
247,9.88,1207.1875,520.0,88.20425415039062,38.24629211425781,0.583984375,4
248,9.92,1200.25,522.25,87.76362609863281,38.66411209106445,0.57275390625,4
249,9.96,1194.5625,525.5,87.73753356933594,38.70542907714844,0.65673828125,4
250,10.0,1188.3125,534.25,87.30306243896484,39.233638763427734,0.638671875,4
251,10.04,1186.0625,538.5,87.4027328491211,39.18058395385742,0.7080078125,4
252,10.08,1184.625,544.5,87.02958679199219,39.63890075683594,0.72705078125,4
253,10.12,1183.125,550.75,87.20463562011719,39.6214599609375,0.65380859375,4
254,10.16,1182.0,558.0,88.36454010009766,38.485355377197266,0.66015625,4
255,10.2,1180.25,574.5,86.73153686523438,40.59457778930664,0.63720703125,4
256,10.24,1179.6875,583.625,86.87077331542969,40.54252243041992,0.6142578125,4
257,10.28,1178.5625,592.0,86.96388244628906,40.604915618896484,0.73876953125,4
258,10.32,1176.375,582.1875,86.17536163330078,41.1804084777832,0.59619140625,4
259,10.36,1174.1875,571.25,86.46783447265625,40.735755920410156,0.60107421875,4
260,10.4,1169.0625,552.75,86.56484985351562,40.193115234375,0.5869140625,4
261,10.44,1166.6875,545.25,86.39750671386719,40.197872161865234,0.609375,4
262,10.48,1163.9375,537.5,86.42855834960938,39.99323654174805,0.64794921875,4
263,10.52,1162.25,531.0,86.45480346679688,39.77375030517578,0.689453125,4
264,10.56,1159.5,525.0,85.94395446777344,40.1512565612793,0.74560546875,4
265,10.6,1154.5,516.375,85.95353698730469,39.927921295166016,0.69775390625,4
266,10.64,1152.375,512.25,86.22550964355469,39.56718826293945,0.7080078125,4
267,10.68,1149.6875,510.0,86.25531768798828,39.464725494384766,0.7470703125,4
268,10.72,1147.0625,507.25,86.2977294921875,39.27691650390625,0.71484375,4
269,10.76,1145.375,505.875,86.15827941894531,39.41964340209961,0.7392578125,4
270,10.8,1140.5,505.140625,80.60012817382812,49.57411193847656,0.7216796875,4
271,10.84,1138.75,505.375,86.18744659423828,39.27568435668945,0.69287109375,4
272,10.88,1136.25,507.5,80.54267883300781,49.62819290161133,0.662109375,4
273,10.92,1133.125,508.5,80.5301284790039,49.680416107177734,0.67578125,4
274,10.96,1131.375,511.25,80.59973907470703,49.79178237915039,0.5048828125,4
275,11.0,,,,,,4
276,11.04,,,,,,4
277,11.08,1139.125,571.96875,86.16637420654297,40.53837585449219,0.2322998046875,4
278,11.12,,,,,,4
279,11.16,,,,,,4
280,11.2,,,,,,4
281,11.24,1117.75,577.625,85.455810546875,41.44831466674805,0.299072265625,4
282,11.28,,,,,,4
283,11.32,,,,,,4
284,11.36,,,,,,4
285,11.4,,,,,,4
286,11.44,1063.1875,554.0625,85.73140716552734,39.56522750854492,0.1842041015625,4
287,11.48,,,,,,4
288,11.52,,,,,,4
289,11.56,,,,,,4
290,11.6,,,,,,4
291,11.64,,,,,,4
292,11.68,951.625,607.6875,84.4173583984375,40.32503128051758,0.3857421875,4
293,11.72,956.25,608.9375,72.84507751464844,51.40373611450195,0.4140625,4
294,11.76,961.25,609.75,84.46289825439453,40.26781463623047,0.239013671875,4
295,11.8,,,,,,4
296,11.84,,,,,,4
297,11.88,985.375,615.625,85.40079498291016,39.5595703125,0.24658203125,4
298,11.92,992.0,619.0625,85.22041320800781,39.79365158081055,0.34912109375,4
299,11.96,956.625,619.0625,84.64449310302734,39.85633850097656,0.24658203125,4
300,12.0,1023.703125,544.90625,86.020751953125,37.71477508544922,0.228515625,4
301,12.04,951.875,445.57275390625,83.34204864501953,35.789146423339844,0.22607421875,4
302,12.08,975.1015625,360.375,82.89282989501953,32.40882110595703,0.57080078125,4
303,12.12,973.125,353.75,82.79829406738281,31.920780181884766,0.640625,4
304,12.16,971.5,349.125,77.71360778808594,33.31032943725586,0.61865234375,4
305,12.2,970.095703125,344.125,77.7791519165039,32.5783576965332,0.60693359375,4
306,12.24,967.7705078125,337.875,77.97089385986328,31.729299545288086,0.67333984375,4
307,12.28,967.0078125,335.625,77.97503662109375,31.449758529663086,0.65478515625,4
308,12.32,966.33349609375,334.375,78.02530670166016,31.071006774902344,0.65576171875,4
309,12.36,966.2412109375,333.75,78.03759002685547,30.82903480529785,0.751953125,4
310,12.4,965.888671875,333.75,78.07597351074219,30.52960968017578,0.69775390625,4
311,12.44,966.05517578125,335.375,78.00922393798828,30.558513641357422,0.66357421875,4
312,12.48,966.13232421875,337.125,78.09718322753906,30.23980140686035,0.59814453125,4
313,12.52,966.17431640625,339.375,78.03538513183594,30.234695434570312,0.65234375,4
314,12.56,966.4208984375,342.875,77.96543884277344,30.417509078979492,0.58154296875,4
315,12.6,967.25,346.25,78.0009994506836,30.460683822631836,0.56201171875,4
316,12.64,969.26171875,354.625,77.82787322998047,30.92645263671875,0.1981201171875,4
317,12.68,967.77734375,359.625,77.72997283935547,31.152786254882812,0.453369140625,4
318,12.72,969.404296875,365.25,77.53848266601562,31.512332916259766,0.437744140625,4
319,12.76,969.5,372.125,76.77884674072266,31.456031799316406,0.414794921875,4
320,12.8,971.25,369.75,76.98777770996094,31.09722328186035,0.55078125,4
321,12.84,973.78125,358.5,77.04352569580078,29.8905086517334,0.60302734375,4
322,12.88,974.8203125,352.75,77.35120391845703,29.027116775512695,0.5859375,4
323,12.92,975.515625,348.75,77.46463012695312,28.55207633972168,0.65576171875,4
324,12.96,976.8828125,345.25,77.3760757446289,28.15981101989746,0.59716796875,4
325,13.0,978.5078125,342.75,77.5019302368164,27.796764373779297,0.58154296875,4
326,13.04,981.26953125,338.5,77.83397674560547,26.95783042907715,0.55078125,4
327,13.08,983.5546875,337.5,77.89712524414062,26.73014259338379,0.58154296875,4
328,13.12,985.0,336.625,77.93612670898438,26.39999008178711,0.533203125,4
329,13.16,987.0,336.25,77.80143737792969,26.300918579101562,0.60595703125,4
330,13.2,990.0,337.125,77.81342315673828,26.186176300048828,0.60205078125,4
331,13.24,995.6484375,340.375,78.25179290771484,26.13027000427246,0.57666015625,5
332,13.28,998.671875,342.5,78.31055450439453,26.33816146850586,0.6318359375,5
333,13.32,1000.609375,345.0,78.4234390258789,26.380043029785156,0.548828125,5
334,13.36,1003.203125,348.125,78.24089813232422,26.48724365234375,0.56591796875,5
335,13.4,1005.75,351.625,78.1730728149414,26.765823364257812,0.5244140625,5
336,13.44,1086.5,332.875,80.52682495117188,24.823945999145508,0.241455078125,5
337,13.48,1078.0,342.5,80.06495666503906,25.50065803527832,0.291748046875,5
338,13.52,,,,,,5
339,13.56,,,,,,5
340,13.6,1057.5,451.92578125,76.87776184082031,35.36763381958008,0.262451171875,5
341,13.64,,,,,,5
342,13.68,,,,,,5
343,13.72,,,,,,5
344,13.76,,,,,,5
345,13.8,,,,,,5
346,13.84,,,,,,5
347,13.88,,,,,,5
348,13.92,1100.875,667.1875,72.60669708251953,48.479862213134766,0.1873779296875,5
349,13.96,1105.625,670.75,72.63062286376953,48.678855895996094,0.2281494140625,5
350,14.0,1123.4375,718.25,71.87200927734375,50.980281829833984,0.1610107421875,5
351,14.04,,,,,,5
352,14.08,,,,,,5
353,14.12,,,,,,5
354,14.16,1124.9375,665.0,72.66060638427734,47.96467590332031,0.405517578125,5
355,14.2,1126.875,665.5,72.49349212646484,47.971771240234375,0.5380859375,5
356,14.24,,,,,,5
357,14.28,,,,,,5
358,14.32,1136.4375,670.1875,71.84817504882812,45.794002532958984,0.64599609375,4
359,14.36,1139.0625,666.875,71.89188385009766,45.41706848144531,0.3583984375,4
360,14.4,1143.125,664.0625,71.978271484375,45.29494857788086,0.3203125,4
361,14.44,1148.9375,658.125,72.05899047851562,44.94002151489258,0.363037109375,4
362,14.48,1152.0625,657.3125,72.15034484863281,44.94756317138672,0.49609375,4
363,14.52,1172.5,721.125,71.3475341796875,47.496490478515625,0.1661376953125,4
364,14.56,1161.875,657.5,72.08573913574219,44.76048278808594,0.442626953125,4
365,14.6,1167.9375,659.1875,72.02894592285156,44.82963562011719,0.4111328125,4
366,14.64,1180.125,665.125,71.9983139038086,44.650177001953125,0.61328125,4
367,14.68,,,,,,4
368,14.72,,,,,,4
369,14.76,,,,,,4
370,14.8,,,,,,4
371,14.84,,,,,,4
372,14.88,,,,,,4
373,14.92,688.5625,376.5,66.24042510986328,24.316837310791016,0.60400390625,4
374,14.96,676.6875,382.5,65.63146209716797,24.677053451538086,0.61669921875,4
375,15.0,662.8125,389.625,65.21952819824219,25.24873161315918,0.5927734375,4
376,15.04,641.5625,391.0,60.0,16.159971237182617,0.6318359375,4
377,15.08,632.0,386.0,60.0,16.346208572387695,0.60009765625,4
378,15.12,624.125,382.25,60.0,17.068313598632812,0.6259765625,4
379,15.16,616.0625,379.0,60.0,17.60761260986328,0.5927734375,4
380,15.2,606.96875,376.5,60.0,18.061481475830078,0.525390625,4
381,15.24,590.40625,373.75,60.0,19.022375106811523,0.6416015625,4
382,15.28,580.9375,373.75,60.0,19.84292221069336,0.66796875,4
383,15.32,572.34375,372.5,60.0,20.24231719970703,0.6669921875,4
384,15.36,561.25,374.0,60.0,21.11852264404297,0.5498046875,4
385,15.4,551.0,375.0,60.0,21.635683059692383,0.52734375,4
386,15.44,528.15625,380.375,60.0,23.100048065185547,0.60400390625,4
387,15.48,515.265625,382.5,60.0,23.759611129760742,0.490234375,4
388,15.52,503.6171875,386.25,60.0,24.43608856201172,0.56591796875,4
389,15.56,489.044921875,391.875,60.0,25.303434371948242,0.615234375,4
390,15.6,475.0,396.25,60.0,25.96259117126465,0.609375,4
391,15.64,446.625,392.875,60.0,26.09186363220215,0.57470703125,4
392,15.68,432.75,390.0,60.0,26.055557250976562,0.55810546875,4
393,15.72,417.5,386.875,60.0,26.03744888305664,0.466796875,4
394,15.76,403.125,384.625,60.0,26.120899200439453,0.544921875,4
395,15.8,390.0,383.125,60.0,26.182161331176758,0.4111328125,4
396,15.84,362.25,382.125,60.0,26.455739974975586,0.5205078125,4
397,15.88,349.375,383.25,60.0,26.711551666259766,0.556640625,4
398,15.92,336.25,383.75,60.0,26.87272834777832,0.515625,4
399,15.96,323.75,385.625,60.0,27.130910873413086,0.513671875,4
400,16.0,310.75,387.5,60.0,27.383888244628906,0.51171875,4
401,16.04,286.75,394.375,60.0,28.09305191040039,0.607421875,4
402,16.08,274.625,398.25,60.0,28.433401107788086,0.658203125,4
403,16.12,263.5,402.125,54.83041000366211,25.090776443481445,0.64404296875,5
404,16.16,241.0625,324.375,54.041500091552734,17.248098373413086,0.2393798828125,5
405,16.2,245.1875,327.75,54.124080657958984,17.627309799194336,0.2239990234375,5
406,16.24,,,,,,4
407,16.28,,,,,,4
408,16.32,,,,,,4
409,16.36,,,,,,5
410,16.4,264.875,333.125,53.63957977294922,19.0715274810791,0.32373046875,5
411,16.44,242.9375,397.25,53.74570846557617,26.069499969482422,0.64404296875,5
412,16.48,244.75,397.875,53.81297302246094,26.195207595825195,0.55810546875,5
413,16.52,247.3125,397.75,53.82171630859375,26.220918655395508,0.63525390625,5
414,16.56,248.75,399.375,53.836158752441406,26.35112190246582,0.552734375,5
415,16.6,252.0,400.625,53.887081146240234,26.578998565673828,0.509765625,5
416,16.64,256.375,404.375,53.929290771484375,26.986377716064453,0.56689453125,5
417,16.68,258.4375,404.625,53.884788513183594,26.970428466796875,0.5947265625,5
418,16.72,262.375,404.625,53.9388542175293,26.922042846679688,0.64599609375,5
419,16.76,265.25,405.25,54.013057708740234,26.884605407714844,0.59912109375,5
420,16.8,268.625,406.875,54.09525680541992,27.061731338500977,0.58203125,5
421,16.84,274.375,409.625,54.24797439575195,27.389942169189453,0.6396484375,5
422,16.88,276.875,410.0,54.287715911865234,27.414875030517578,0.64501953125,5
423,16.92,280.125,411.0,54.3411979675293,27.55813980102539,0.630859375,5
424,16.96,282.875,412.5,54.35720443725586,27.703304290771484,0.61669921875,5
425,17.0,286.75,413.375,54.37591552734375,27.785341262817383,0.60595703125,5
426,17.04,292.625,415.0,54.317169189453125,28.031578063964844,0.6376953125,5
427,17.08,295.5,415.625,54.290061950683594,27.99728775024414,0.62451171875,5
428,17.12,297.75,416.0,54.41562271118164,28.186555862426758,0.63525390625,5
429,17.16,301.125,416.0,54.51491165161133,28.179227828979492,0.6083984375,5
430,17.2,303.875,416.875,54.568359375,28.36811065673828,0.60009765625,5
431,17.24,308.25,419.375,54.620643615722656,28.6146297454834,0.5908203125,5
432,17.28,311.75,420.25,54.669166564941406,28.653331756591797,0.65673828125,5
433,17.32,313.75,421.0,54.723873138427734,28.723703384399414,0.60205078125,5
434,17.36,316.875,421.625,54.76028060913086,28.73195457458496,0.64599609375,5
435,17.4,321.625,422.25,54.82769012451172,28.74241828918457,0.383056640625,5
436,17.44,326.5,424.0,54.691490173339844,28.84380531311035,0.5224609375,5
437,17.48,330.375,425.0,54.64381790161133,28.983243942260742,0.466796875,5
438,17.52,333.75,425.625,54.76313781738281,29.089298248291016,0.474609375,5
439,17.56,338.5,426.625,54.90836715698242,29.28868865966797,0.55810546875,5
440,17.6,343.125,426.75,54.95132064819336,29.30327606201172,0.353515625,5
441,17.64,375.375,426.875,55.47230529785156,29.296035766601562,0.56591796875,5
442,17.68,381.0,423.125,55.435585021972656,29.039491653442383,0.484375,5
443,17.72,387.125,418.375,55.19943618774414,28.607513427734375,0.312255859375,5
444,17.76,,,,,,5
445,17.8,,,,,,5
446,17.84,,,,,,5
447,17.88,,,,,,5
448,17.92,,,,,,5
449,17.96,,,,,,5
450,18.0,1564.375,824.75,70.75457763671875,55.22099304199219,0.48828125,5
451,18.04,1571.75,822.75,70.80421447753906,55.27978515625,0.280517578125,5
452,18.08,1586.5,813.125,70.80384063720703,55.059730529785156,0.451416015625,5
453,18.12,1595.5,808.75,70.86470794677734,54.84465026855469,0.445556640625,5
454,18.16,1608.125,807.75,70.57168579101562,52.62385559082031,0.448486328125,5
455,18.2,,,,,,5
456,18.24,,,,,,5
457,18.28,,,,,,5
458,18.32,1655.375,876.25,70.59610748291016,57.18427276611328,0.2059326171875,5
459,18.36,1665.375,874.625,70.70701599121094,57.38803482055664,0.2432861328125,5
460,18.4,,,,,,5
461,18.44,,,,,,5
462,18.48,1667.25,808.5,70.13985443115234,52.31798553466797,0.154052734375,5
463,18.52,1668.125,808.125,69.98481750488281,52.34986877441406,0.220703125,5
464,18.56,1670.625,807.875,69.91937255859375,52.227012634277344,0.345947265625,5
465,18.6,1672.25,807.875,69.86385345458984,52.335784912109375,0.244384765625,5
466,18.64,1672.75,808.375,70.84624481201172,54.37165451049805,0.2254638671875,5
467,18.68,,,,,,5
468,18.72,,,,,,4
469,18.76,,,,,,5
470,18.8,,,,,,5
471,18.84,,,,,,5
472,18.88,,,,,,4
473,18.92,786.875,417.125,56.966915130615234,27.82225227355957,0.61865234375,5
474,18.96,790.5,416.875,56.76915740966797,28.019454956054688,0.6259765625,4
475,19.0,792.375,416.25,56.76148223876953,27.95298957824707,0.59912109375,4
476,19.04,793.25,416.25,57.30537033081055,28.30487060546875,0.54296875,5
477,19.08,794.375,416.0,57.22305679321289,28.29204559326172,0.517578125,5
478,19.12,793.875,415.625,56.6230354309082,27.623106002807617,0.486328125,5
479,19.16,794.375,416.875,56.40171432495117,27.93484878540039,0.359375,4
480,19.2,793.0,415.25,56.36758804321289,27.79424285888672,0.239013671875,4
481,19.24,804.125,416.25,56.62302017211914,27.883771896362305,0.59375,4
482,19.28,810.375,417.75,56.90927505493164,28.096708297729492,0.67236328125,4
483,19.32,815.0,417.75,57.201900482177734,28.092525482177734,0.6767578125,4
484,19.36,818.125,418.5,57.32356262207031,27.87980079650879,0.611328125,5
485,19.4,821.5,418.375,57.3945198059082,28.148141860961914,0.591796875,4
486,19.44,826.625,416.875,57.53770446777344,27.730749130249023,0.2666015625,5
487,19.48,827.5,417.75,57.51499557495117,27.809289932250977,0.478515625,5
488,19.52,829.125,415.625,57.542076110839844,27.901609420776367,0.1519775390625,4
489,19.56,825.0,416.875,57.52236557006836,27.81975746154785,0.30810546875,5
490,19.6,834.0,416.25,57.69333267211914,27.76152229309082,0.591796875,5
491,19.64,841.5,416.25,57.67658996582031,27.95870590209961,0.5478515625,4
492,19.68,858.375,418.375,58.00434875488281,28.135868072509766,0.5224609375,4
493,19.72,867.5,420.375,58.16195297241211,28.31024932861328,0.54296875,4
494,19.76,874.625,421.875,58.29167175292969,28.43848991394043,0.62255859375,4
495,19.8,883.375,424.125,57.90766143798828,28.749521255493164,0.57958984375,4
496,19.84,891.25,424.125,57.97724914550781,28.66176414489746,0.56884765625,4
497,19.88,904.625,424.375,58.66634750366211,28.24775505065918,0.43408203125,5
498,19.92,912.125,425.0,58.70893478393555,28.21657371520996,0.509765625,5
499,19.96,919.0,427.875,59.055904388427734,28.557865142822266,0.548828125,5
500,20.0,925.625,430.375,58.8050651550293,29.167762756347656,0.5234375,4
501,20.04,939.375,442.8125,59.022743225097656,30.184921264648438,0.25830078125,4
502,20.08,,,,,,5
503,20.12,,,,,,5
504,20.16,891.875,390.625,58.37369918823242,25.072315216064453,0.35400390625,5
505,20.2,926.875,433.5,58.76011276245117,29.24907112121582,0.4814453125,5
506,20.24,904.375,433.375,58.27458953857422,29.254730224609375,0.51171875,5
507,20.28,860.625,434.75,57.4840087890625,29.59173583984375,0.5078125,4
508,20.32,837.125,441.65234375,57.02206802368164,30.171350479125977,0.390380859375,4
509,20.36,812.25,442.941650390625,56.57246398925781,30.20229148864746,0.32373046875,4
510,20.4,792.5,443.3857421875,56.22917175292969,30.242368698120117,0.470703125,4
511,20.44,772.125,442.125,55.922000885009766,30.139606475830078,0.484375,5
512,20.48,732.3125,443.966796875,55.15668869018555,30.40598487854004,0.50390625,4
513,20.52,710.9375,444.625,54.768611907958984,30.465097427368164,0.43408203125,4
514,20.56,691.625,447.25146484375,54.367706298828125,30.65730094909668,0.56396484375,4
515,20.6,670.875,449.5546875,54.06424331665039,30.840295791625977,0.5458984375,4
516,20.64,652.75,449.625,53.831966400146484,30.932701110839844,0.60400390625,4
517,20.68,616.9375,451.173828125,53.32804870605469,31.056974411010742,0.66259765625,5
518,20.72,600.15625,453.552734375,52.965965270996094,31.30754280090332,0.5869140625,4
519,20.76,582.125,455.859375,52.605228424072266,31.45642852783203,0.6806640625,4
520,20.8,564.625,457.25390625,52.33285903930664,31.610280990600586,0.70068359375,4
521,20.84,548.328125,456.78125,52.0169677734375,31.57879066467285,0.62255859375,4
522,20.88,514.625,459.0,51.969932556152344,31.43135643005371,0.60205078125,5
523,20.92,498.375,461.42578125,51.675872802734375,31.664655685424805,0.4736328125,4
524,20.96,482.5,463.4921875,51.43864822387695,31.804462432861328,0.544921875,5
525,21.0,467.25,463.25,51.164207458496094,31.790143966674805,0.60693359375,5
526,21.04,452.875,464.8671875,50.91005325317383,31.932554244995117,0.5126953125,4
527,21.08,423.75,467.5,50.43177032470703,32.1237678527832,0.57177734375,5
528,21.12,409.75,468.96875,50.27383804321289,32.26095962524414,0.65478515625,5
529,21.16,397.125,469.515625,50.01911926269531,32.304283142089844,0.5390625,5
530,21.2,383.75,470.796875,49.81755065917969,32.41106033325195,0.609375,5
531,21.24,370.0,472.3984375,49.55735397338867,32.54153060913086,0.61669921875,5
532,21.28,345.625,473.90625,49.13865661621094,32.626426696777344,0.62353515625,4
533,21.32,333.375,474.71875,49.01567077636719,32.70828628540039,0.59912109375,5
534,21.36,321.875,476.71875,48.85559844970703,32.89101791381836,0.5517578125,5
535,21.4,310.75,477.234375,48.66796112060547,32.933048248291016,0.59912109375,5
536,21.44,300.375,477.875,48.39238739013672,32.855133056640625,0.2081298828125,4
537,21.48,282.875,526.125,48.65082550048828,36.55552291870117,0.307373046875,5
538,21.52,278.625,521.96875,48.48036575317383,36.25398635864258,0.57470703125,5
539,21.56,252.0625,483.640625,47.50611877441406,33.36466979980469,0.271728515625,5
540,21.6,237.5,482.515625,47.1914176940918,33.22339630126953,0.509765625,4
541,21.64,228.25,482.75,47.12336349487305,33.29903793334961,0.3056640625,5
542,21.68,221.125,480.171875,47.08543014526367,33.17194747924805,0.406494140625,5
543,21.72,220.9375,482.6875,47.07516860961914,33.369842529296875,0.220703125,5
544,21.76,221.5625,484.140625,47.11437225341797,33.41963577270508,0.24072265625,4
545,21.8,242.0625,447.875,46.96322250366211,30.532474517822266,0.5068359375,5
546,21.84,244.1875,441.25,46.90596389770508,29.960229873657227,0.544921875,5
547,21.88,246.875,432.0,46.74777603149414,29.39804458618164,0.330322265625,4
548,21.92,253.375,426.5,46.722572326660156,28.93714714050293,0.161376953125,4
549,21.96,,,,,,4
550,22.0,,,,,,4
551,22.04,232.5,359.125,45.02149200439453,22.79892349243164,0.17138671875,4
552,22.08,232.5,359.625,44.530784606933594,23.29463005065918,0.18359375,4
553,22.12,263.25,410.375,46.68109893798828,27.49305534362793,0.52734375,4
554,22.16,264.0,405.625,46.62724304199219,26.759023666381836,0.4921875,5
555,22.2,265.0,400.375,46.60854721069336,26.265140533447266,0.5283203125,5
556,22.24,266.25,397.25,46.72298812866211,26.058637619018555,0.55078125,5
557,22.28,268.875,391.5,46.61162567138672,25.507266998291016,0.5068359375,5
558,22.32,270.25,389.75,45.96040725708008,26.204923629760742,0.552734375,4
559,22.36,271.75,388.75,46.03316116333008,26.09687614440918,0.587890625,4
560,22.4,272.5,388.125,46.055389404296875,26.0653018951416,0.64404296875,4
561,22.44,272.875,383.125,45.99375534057617,25.561668395996094,0.5947265625,4
562,22.48,273.75,375.0,46.356842041015625,24.359928131103516,0.615234375,4
563,22.52,274.0,372.5,46.24556350708008,24.12078094482422,0.59619140625,4
564,22.56,274.125,369.25,46.227962493896484,23.287189483642578,0.544921875,5
565,22.6,275.125,367.875,46.2600212097168,23.164695739746094,0.5908203125,5
566,22.64,275.375,366.5,46.08864974975586,23.54810333251953,0.6376953125,4
567,22.68,275.625,364.125,45.630062103271484,22.61941909790039,0.64794921875,5
568,22.72,276.0,360.875,46.04308319091797,22.360015869140625,0.64599609375,5
569,22.76,275.75,358.375,45.654136657714844,22.03516960144043,0.67138671875,5
570,22.8,275.75,355.875,45.862037658691406,21.750255584716797,0.70263671875,5
571,22.84,275.5,354.375,46.1837043762207,21.693178176879883,0.71484375,5
572,22.88,275.25,351.25,46.27089309692383,21.40186309814453,0.658203125,5
573,22.92,276.125,348.375,46.19957733154297,21.026060104370117,0.67919921875,5
574,22.96,275.625,346.25,45.80975341796875,21.383514404296875,0.6318359375,4
575,23.0,276.75,344.0,45.88705062866211,21.237842559814453,0.418701171875,4
576,23.04,279.5,343.75,46.33586883544922,20.663772583007812,0.5126953125,5
577,23.08,287.125,340.625,46.78461837768555,19.88491439819336,0.68603515625,5
578,23.12,290.375,339.375,45.7564697265625,21.172456741333008,0.6396484375,4
579,23.16,295.125,338.375,45.55718231201172,21.046398162841797,0.63232421875,4
580,23.2,298.625,338.125,46.32722473144531,19.903554916381836,0.66259765625,5
581,23.24,302.875,338.125,46.24888610839844,19.9300479888916,0.64404296875,5
582,23.28,309.125,334.0,45.60808563232422,20.626787185668945,0.611328125,4
583,23.32,312.375,334.0,46.1832160949707,20.1079158782959,0.609375,4
584,23.36,315.5,333.125,46.54111099243164,19.308008193969727,0.669921875,5
585,23.4,319.125,333.5,46.486595153808594,19.308181762695312,0.595703125,5
586,23.44,322.0,332.25,46.463924407958984,19.154918670654297,0.64892578125,5
587,23.48,328.25,330.375,46.670509338378906,18.92958641052246,0.546875,5
588,23.52,331.5,329.625,46.66742706298828,18.7369384765625,0.6279296875,5
589,23.56,334.75,328.75,45.82545852661133,19.919424057006836,0.462890625,4
590,23.6,337.5,328.125,45.7897834777832,19.830093383789062,0.6396484375,4
591,23.64,340.0,326.625,45.986080169677734,19.62720489501953,0.548828125,4
592,23.68,346.0,325.875,46.526031494140625,19.071414947509766,0.5830078125,5
593,23.72,349.0,324.25,46.62766647338867,18.8640193939209,0.56005859375,5
594,23.76,352.25,323.75,47.605281829833984,17.593374252319336,0.5283203125,5
595,23.8,354.375,322.75,47.6497917175293,17.433448791503906,0.6591796875,5
596,23.84,357.5,322.125,47.66290283203125,17.446575164794922,0.5859375,5
597,23.88,362.5,321.625,47.797203063964844,17.363277435302734,0.61767578125,5
598,23.92,365.375,320.5,47.796295166015625,17.127490997314453,0.68701171875,5
599,23.96,368.125,320.625,47.92459487915039,17.184226989746094,0.58056640625,5
600,24.0,370.375,320.0,47.5386962890625,17.599328994750977,0.61962890625,5
601,24.04,372.875,319.0,46.442718505859375,18.553035736083984,0.587890625,4
602,24.08,377.125,318.875,46.93311309814453,17.8802547454834,0.61962890625,5
603,24.12,380.0,318.625,46.9130744934082,17.698081970214844,0.607421875,5
604,24.16,382.125,318.125,47.021644592285156,17.57561492919922,0.47265625,5
605,24.2,385.25,317.375,47.116050720214844,17.55940055847168,0.306884765625,5
606,24.24,388.375,318.125,47.162567138671875,17.54358673095703,0.21728515625,5
607,24.28,,,,,,5
608,24.32,,,,,,5
609,24.36,350.0,326.25,46.054481506347656,17.85511589050293,0.1859130859375,5
610,24.4,393.75,308.75,46.81100082397461,15.71437931060791,0.16259765625,5
611,24.44,410.875,325.25,47.595027923583984,17.74266242980957,0.30322265625,5
612,24.48,350.5,347.5,46.694828033447266,20.071409225463867,0.368408203125,5
613,24.52,355.0,347.25,46.76482009887695,20.05390167236328,0.375732421875,5
614,24.56,390.0,330.25,47.14692306518555,17.79722785949707,0.180419921875,5
615,24.6,404.375,331.5,47.557525634765625,17.913618087768555,0.322509765625,5
616,24.64,401.875,332.5,47.646183013916016,18.005353927612305,0.52734375,5
617,24.68,396.25,332.75,49.17734909057617,16.419816970825195,0.484375,5
618,24.72,381.5,305.75,48.50732421875,12.332484245300293,0.314453125,5
619,24.76,330.625,189.1875,,,0.258056640625,5
620,24.8,323.375,182.8125,,,0.1895751953125,5
621,24.84,307.625,193.625,,,0.1761474609375,5
622,24.88,295.375,194.375,,,0.203369140625,5
623,24.92,274.875,195.0,42.711082458496094,-3.9344587326049805,0.1727294921875,4
624,24.96,250.125,200.0,,,0.157958984375,5
625,25.0,230.9375,206.4375,43.85296630859375,-4.142832279205322,0.193115234375,4
626,25.04,214.6875,207.375,42.62376403808594,-3.271066188812256,0.17724609375,4
627,25.08,195.0,210.625,42.701297760009766,-3.312364101409912,0.1571044921875,4
628,25.12,,,,,,4
629,25.16,,,,,,4
630,25.2,108.75,223.625,42.861515045166016,-3.0026581287384033,0.264404296875,4
631,25.24,84.59375,225.9375,44.176918029785156,-3.4890973567962646,0.177490234375,5
632,25.28,60.234375,230.625,44.00236511230469,-2.9402270317077637,0.161376953125,5
633,25.32,,,,,,5
634,25.36,,,,,,5
635,25.4,,,,,,5
636,25.44,,,,,,5
637,25.48,,,,,,5
638,25.52,,,,,,4
639,25.56,1157.5,137.25,,,0.4794921875,4
640,25.6,1161.0,137.125,60.0,73.09228515625,0.417724609375,4
641,25.64,1164.5625,136.4375,,,0.402587890625,4
642,25.68,,,,,,4
643,25.72,,,,,,4
644,25.76,1175.625,137.25,,,0.537109375,4
645,25.8,1177.5,138.1875,,,0.57958984375,4
646,25.84,1179.0625,139.25,,,0.5078125,4
647,25.88,1180.0,140.5625,,,0.29833984375,4
648,25.92,1180.75,144.1875,,,0.466796875,5
649,25.96,1181.6875,145.625,,,0.5859375,5
650,26.0,1181.6875,147.5625,,,0.5185546875,5
651,26.04,1182.0625,150.875,,,0.33984375,5
652,26.08,1182.0,153.5625,,,0.544921875,5
653,26.12,1181.4375,159.8125,,,0.4677734375,4
654,26.16,1184.875,163.625,,,0.63623046875,4
655,26.2,1186.4375,167.6875,,,0.5380859375,4
656,26.24,1187.625,172.625,,,0.34423828125,4
657,26.28,1192.8125,176.4375,85.31011199951172,-4.012014865875244,0.548828125,4
658,26.32,1196.25,185.3125,100.70012664794922,41.257362365722656,0.19775390625,4
659,26.36,,,,,,0
660,26.4,,,,,,0
661,26.44,1207.3125,202.8125,101.20160675048828,42.507835388183594,0.441650390625,0
662,26.48,,,,,,0
663,26.52,,,,,,0
664,26.56,1222.75,230.75,102.4697036743164,45.48787307739258,0.5029296875,0
665,26.6,1225.75,238.25,102.97936248779297,46.58586883544922,0.556640625,0
666,26.64,1230.5,245.8125,103.5824966430664,48.04747772216797,0.5517578125,0
667,26.68,1234.75,254.125,104.4286117553711,49.990726470947266,0.5517578125,0
668,26.72,1243.625,271.125,100.88589477539062,7.23634672164917,0.46875,5
669,26.76,1247.875,280.75,101.8494873046875,6.770586013793945,0.484375,5
670,26.8,1252.875,289.625,101.9864730834961,4.192131519317627,0.53125,5
671,26.84,1258.5,298.25,102.59056854248047,5.845975399017334,0.5009765625,5
672,26.88,1265.125,309.75,102.63714599609375,7.979259967803955,0.48046875,5
673,26.92,1279.875,328.125,103.16806030273438,11.506664276123047,0.56396484375,5
674,26.96,1286.625,338.25,103.32611846923828,13.299653053283691,0.4833984375,5
675,27.0,1292.875,348.75,102.31155395507812,14.991171836853027,0.56396484375,4
676,27.04,1299.59375,359.25,102.22427368164062,16.167346954345703,0.615234375,4
677,27.08,1306.875,369.625,102.8547592163086,14.79153060913086,0.552734375,5
678,27.12,1317.75,360.625,103.67438507080078,15.566949844360352,0.5146484375,5
679,27.16,1321.5,352.875,105.12420654296875,14.563311576843262,0.6513671875,5
680,27.2,1326.515625,345.625,106.19532775878906,14.49981689453125,0.63525390625,5
681,27.24,1331.875,338.75,107.03935241699219,12.765807151794434,0.498046875,5
682,27.28,1337.25,333.25,106.67262268066406,13.042059898376465,0.490234375,5
683,27.32,1347.296875,322.5,108.22613525390625,11.85729694366455,0.650390625,5
684,27.36,1352.75,318.375,108.85830688476562,11.407081604003906,0.32421875,5
685,27.4,1358.75,314.375,109.54742431640625,10.87813949584961,0.544921875,5
686,27.44,1364.625,311.125,112.50450897216797,8.668639183044434,0.52734375,5
687,27.48,1370.625,309.0,113.08365631103516,8.40808391571045,0.451416015625,5
688,27.52,1383.1875,304.5,114.37901306152344,7.706937313079834,0.63232421875,5
689,27.56,1389.15625,303.875,114.884033203125,7.645112991333008,0.61328125,6
690,27.6,1396.1875,303.75,115.08748626708984,7.754509449005127,0.63427734375,6
691,27.64,1402.59375,303.25,115.2547836303711,7.767701625823975,0.65673828125,6
692,27.68,1410.375,303.625,115.55339050292969,8.075435638427734,0.435791015625,6
693,27.72,1424.0,306.25,116.6938247680664,8.414383888244629,0.642578125,6
694,27.76,1430.875,308.75,116.92132568359375,8.855857849121094,0.67822265625,6
695,27.8,1438.1875,311.25,117.26342010498047,9.162541389465332,0.6611328125,6
696,27.84,1444.6875,313.875,117.42279815673828,9.754737854003906,0.61669921875,6
697,27.88,1452.0,317.375,117.14112854003906,10.282092094421387,0.673828125,6
698,27.92,1465.1875,325.0,117.7719497680664,11.686938285827637,0.4921875,6
699,27.96,1458.125,378.75,113.39169311523438,18.456974029541016,0.19873046875,5
700,28.0,1452.75,378.5,113.4842758178711,18.463953018188477,0.2108154296875,5
701,28.04,1487.75,343.75,117.03507232666016,14.641477584838867,0.253173828125,5
702,28.08,1495.125,348.75,116.6335220336914,15.576895713806152,0.6103515625,5
703,28.12,1508.5,362.5,118.7179183959961,14.81430721282959,0.5517578125,5
704,28.16,1514.75,368.75,118.61829376220703,15.841737747192383,0.65380859375,5
705,28.2,1517.25,363.75,119.50926971435547,15.21657657623291,0.72314453125,5
706,28.24,1519.0,357.875,117.38165283203125,17.23396873474121,0.70751953125,5
707,28.28,1520.25,351.875,121.16083526611328,13.392851829528809,0.67041015625,5
708,28.32,1523.25,342.875,119.27894592285156,15.526596069335938,0.62060546875,6
709,28.36,1524.75,339.0,120.5077896118164,14.292878150939941,0.65380859375,5
710,28.4,1525.5,335.375,121.25714874267578,13.712886810302734,0.6279296875,5
711,28.44,1526.0,332.25,121.22013854980469,13.958009719848633,0.6591796875,6
712,28.48,1527.5,330.0,122.27782440185547,13.212693214416504,0.67236328125,5
713,28.52,1527.8125,326.25,123.03206634521484,13.000909805297852,0.6376953125,5
714,28.56,1529.375,325.25,123.322021484375,13.116748809814453,0.290283203125,5
715,28.6,1530.25,325.25,123.55109405517578,13.200454711914062,0.285400390625,5
716,28.64,,,,,,5
717,28.68,,,,,,6
718,28.72,,,,,,5
719,28.76,1524.0625,326.25,123.96260833740234,13.96229362487793,0.383056640625,5
720,28.8,1522.0,328.75,124.1517562866211,13.731539726257324,0.1512451171875,5
721,28.84,1519.8125,331.25,123.92925262451172,14.182759284973145,0.62353515625,5
722,28.88,,,,,,5
723,28.92,,,,,,5
724,28.96,,,,,,5
725,29.0,,,,,,5
726,29.04,1498.5,325.625,124.7466812133789,13.773870468139648,0.374755859375,5
727,29.08,1496.5,326.625,124.3926773071289,14.296367645263672,0.53515625,5
728,29.12,1491.75,331.25,123.96806335449219,14.925263404846191,0.46484375,5
729,29.16,1490.25,334.625,123.79756164550781,15.152494430541992,0.541015625,5
730,29.2,1488.5,338.125,123.36552429199219,15.790620803833008,0.51171875,5
731,29.24,1486.5,342.5,123.04359436035156,16.179306030273438,0.59814453125,5
732,29.28,1484.75,346.5,122.6403579711914,16.751842498779297,0.63525390625,5
733,29.32,1480.1875,357.5,121.43059539794922,18.50872802734375,0.5205078125,5
734,29.36,1476.75,363.375,120.85641479492188,19.249122619628906,0.69775390625,5
735,29.4,1475.0,366.25,120.6012191772461,19.620262145996094,0.6142578125,5
736,29.44,1474.5,363.0,120.95748901367188,19.183565139770508,0.65576171875,5
737,29.48,1473.375,359.125,121.28916931152344,18.666526794433594,0.6689453125,5
738,29.52,1472.375,353.375,121.89291381835938,17.960098266601562,0.517578125,5
739,29.56,1472.625,351.625,122.10952758789062,17.754566192626953,0.3583984375,5
740,29.6,1472.9375,349.75,122.39676666259766,17.49294662475586,0.2294921875,5
741,29.64,1472.875,348.5,114.68840789794922,26.824901580810547,0.3388671875,5
742,29.68,1473.125,348.0,122.60350799560547,17.24591636657715,0.62060546875,5
743,29.72,1473.75,347.75,122.5800552368164,17.356491088867188,0.5908203125,5
744,29.76,1474.5,348.5,122.581298828125,17.382177352905273,0.4912109375,5
745,29.8,1475.375,350.0,122.4150619506836,17.63040542602539,0.4951171875,5
746,29.84,1476.25,351.0,122.33573150634766,17.820085525512695,0.53515625,5
747,29.88,1477.625,352.75,122.18135070800781,18.07911491394043,0.5263671875,5
748,29.92,1479.6875,358.75,121.60478973388672,18.955039978027344,0.6123046875,5
749,29.96,1480.75,362.25,121.33211517333984,19.347963333129883,0.60302734375,5
750,30.0,1481.75,366.25,120.98809051513672,19.89727783203125,0.6982421875,5
751,30.04,1482.75,365.25,121.11182403564453,19.76152801513672,0.66455078125,5
752,30.08,1484.0,363.125,121.32746887207031,19.543655395507812,0.626953125,5
753,30.12,1472.625,362.0,121.1556167602539,19.23906898498535,0.52734375,5
754,30.16,1465.5,362.25,120.97008514404297,19.2242374420166,0.591796875,5
755,30.2,1459.375,364.125,120.59614562988281,19.482234954833984,0.6689453125,5
756,30.24,1453.125,366.25,120.26940155029297,19.673795700073242,0.65234375,5
757,30.28,1447.25,367.75,119.94599914550781,19.89142417907715,0.42626953125,5
758,30.32,1435.625,368.75,119.46580505371094,19.97432518005371,0.56982421875,5
759,30.36,1430.625,367.75,119.4262924194336,19.823017120361328,0.533203125,5
760,30.4,1425.625,367.875,118.54660034179688,20.07990264892578,0.6279296875,6
761,30.44,1420.625,367.75,119.18408966064453,19.80483627319336,0.68701171875,5
762,30.48,1415.875,368.375,119.01361083984375,19.77251434326172,0.394287109375,5
763,30.52,1405.625,371.875,118.54623413085938,20.071582794189453,0.6875,5
764,30.56,1400.875,372.5,118.27349853515625,20.198198318481445,0.546875,5
765,30.6,1397.75,372.5,118.16983032226562,20.273265838623047,0.56298828125,5
766,30.64,1394.5,372.75,118.05297088623047,20.26247787475586,0.591796875,5
767,30.68,1391.0,373.125,117.92821502685547,20.290719985961914,0.5185546875,5
768,30.72,1385.0,374.125,117.64923858642578,20.385229110717773,0.6123046875,5
769,30.76,1382.125,374.375,117.60706329345703,20.397907257080078,0.7177734375,5
770,30.8,1379.375,374.5,117.44428253173828,20.4732723236084,0.69775390625,5
771,30.84,1376.625,374.75,117.3301773071289,20.53826332092285,0.64794921875,5
772,30.88,1373.75,374.75,117.26184844970703,20.51812744140625,0.6982421875,5
773,30.92,1368.5,375.25,117.04057312011719,20.47527503967285,0.5322265625,5
774,30.96,1366.0,375.625,117.00704193115234,20.50442123413086,0.65234375,5
775,31.0,1363.375,375.875,116.93400573730469,20.554201126098633,0.6435546875,5
776,31.04,1361.25,376.0,116.89127349853516,20.42254066467285,0.68603515625,5
777,31.08,1358.75,376.25,116.83696746826172,20.48031234741211,0.67138671875,5
778,31.12,1354.125,376.625,116.61856842041016,20.475934982299805,0.65673828125,5
779,31.16,1352.25,376.5,116.02203369140625,20.76101303100586,0.609375,6
780,31.2,1350.0,377.0,115.86815643310547,20.724733352661133,0.5908203125,6
781,31.24,1348.125,377.0,115.80133819580078,20.636581420898438,0.6259765625,6
782,31.28,1345.5,377.5,115.77921295166016,20.618030548095703,0.630859375,6
783,31.32,1343.9375,377.5,116.1434555053711,20.400104522705078,0.57275390625,5
784,31.36,1340.78125,377.5,115.17147064208984,20.393253326416016,0.6943359375,6
785,31.4,1338.8125,378.0,115.0784912109375,20.501882553100586,0.7265625,6
786,31.44,1337.3125,378.0,115.83293151855469,20.430192947387695,0.67138671875,5
787,31.48,1336.0,378.0,115.77054595947266,20.472309112548828,0.61669921875,5
788,31.52,1334.140625,378.125,114.86885833740234,20.6132755279541,0.6689453125,6
789,31.56,1330.25,378.125,114.67071533203125,20.632205963134766,0.64599609375,6
790,31.6,1329.25,378.375,114.6568374633789,20.552339553833008,0.63427734375,6
791,31.64,1327.5,378.5,114.60041809082031,20.494449615478516,0.650390625,6
792,31.68,1325.0,378.75,114.46424102783203,20.57014274597168,0.58154296875,6
793,31.72,1323.125,379.125,114.40658569335938,20.606822967529297,0.43017578125,6
794,31.76,1289.375,381.5,113.98234558105469,20.6520938873291,0.436767578125,5
795,31.8,1273.625,383.125,113.42255401611328,20.67848777770996,0.445556640625,5
796,31.84,1258.125,385.25,112.79840850830078,20.971609115600586,0.46875,5
797,31.88,1243.125,388.125,112.10003662109375,21.2434024810791,0.38671875,5
798,31.92,1228.375,391.0,111.53738403320312,21.471155166625977,0.390380859375,5
799,31.96,1200.0,393.125,110.62744903564453,21.605323791503906,0.43505859375,5
800,32.0,1185.1875,394.75,110.1528091430664,21.692781448364258,0.4111328125,5
801,32.04,1171.25,396.625,109.58231353759766,21.85158920288086,0.39599609375,5
802,32.08,1158.625,398.375,109.05672454833984,22.008283615112305,0.4921875,5
803,32.12,1144.5,400.0,108.61123657226562,22.094079971313477,0.449462890625,5
804,32.16,1121.3125,401.875,107.90666961669922,22.193260192871094,0.544921875,5
805,32.2,1110.0,404.375,107.33363342285156,22.356090545654297,0.55908203125,5
806,32.24,1098.75,406.625,106.59351348876953,22.52969741821289,0.5126953125,5
807,32.28,1088.34375,407.75,106.16425323486328,22.59630584716797,0.5888671875,5
808,32.32,1079.0,408.75,105.7693862915039,22.608179092407227,0.5166015625,5
809,32.36,1059.375,411.25,105.09272003173828,22.89548110961914,0.626953125,5
810,32.4,1049.90625,412.75,104.51721954345703,22.958324432373047,0.638671875,5
811,32.44,1041.03125,414.75,103.89659881591797,23.196176528930664,0.708984375,5
812,32.48,1032.375,415.25,103.59717559814453,23.214229583740234,0.66015625,5
813,32.52,1024.09375,416.625,103.26232147216797,23.39088249206543,0.58203125,5
814,32.56,1010.078125,419.0,102.11888122558594,23.46957778930664,0.6953125,5
815,32.6,1003.328125,420.375,102.09381103515625,23.71794891357422,0.736328125,5
816,32.64,997.546875,421.625,101.83783721923828,23.797683715820312,0.5341796875,5
817,32.68,991.421875,422.5,101.38385009765625,23.64200782775879,0.7041015625,5
818,32.72,985.4140625,422.75,101.15641784667969,23.624460220336914,0.703125,5
819,32.76,974.8515625,424.375,100.60137176513672,23.814783096313477,0.71533203125,5
820,32.8,970.146484375,424.625,100.33710479736328,23.818771362304688,0.728515625,5
821,32.84,966.36474609375,425.375,100.23562622070312,23.973047256469727,0.7646484375,5
822,32.88,963.533935546875,426.25,99.92924499511719,24.046152114868164,0.74853515625,5
823,32.92,961.57421875,427.5,99.78788757324219,24.127466201782227,0.60205078125,5
824,32.96,956.25,426.875,99.48916625976562,24.098081588745117,0.517578125,5
825,33.0,959.75,427.5,99.60755920410156,24.086570739746094,0.5498046875,5
826,33.04,963.876708984375,427.5,99.51376342773438,24.093324661254883,0.66796875,5
827,33.08,965.875,427.25,99.32025146484375,24.03993034362793,0.436767578125,5
828,33.12,969.125,427.5,99.54772186279297,24.097061157226562,0.57373046875,5
829,33.16,975.25390625,427.5,99.36445617675781,24.093429565429688,0.611328125,5
830,33.2,978.3828125,427.25,99.36516571044922,24.036489486694336,0.57958984375,5
831,33.24,980.625,427.0,99.34022521972656,24.00678825378418,0.376708984375,5
832,33.28,984.1015625,426.875,99.3912124633789,24.013111114501953,0.521484375,5
833,33.32,986.25,425.875,99.30528259277344,23.932140350341797,0.4970703125,5
834,33.36,991.8984375,424.125,99.15030670166016,23.921796798706055,0.5361328125,5
835,33.4,994.546875,424.125,100.50428009033203,25.724573135375977,0.69189453125,5
836,33.44,998.578125,423.375,100.26309967041016,25.701757431030273,0.6123046875,5
837,33.48,1001.21875,422.25,100.02919006347656,25.689382553100586,0.63720703125,5
838,33.52,1004.453125,421.625,99.08598327636719,20.219409942626953,0.6142578125,6
839,33.56,1011.875,422.875,99.78071594238281,25.905664443969727,0.5078125,5
840,33.6,1015.3125,421.875,98.84901428222656,20.410411834716797,0.56787109375,6
841,33.64,1018.015625,420.5,99.022705078125,20.683395385742188,0.62255859375,5
842,33.68,1020.84375,420.25,98.85249328613281,20.7744083404541,0.64501953125,5
843,33.72,1024.59375,420.0,98.35243225097656,20.749406814575195,0.6123046875,5
844,33.76,1032.625,418.5,98.30216217041016,20.48790168762207,0.6748046875,5
845,33.8,1035.5625,418.5,98.53160095214844,20.626726150512695,0.66015625,5
846,33.84,1038.4375,418.0,98.41426849365234,20.925676345825195,0.7333984375,5
847,33.88,1042.125,416.875,98.324462890625,20.7626953125,0.68701171875,5
848,33.92,1045.875,416.625,97.9314956665039,20.712095260620117,0.7333984375,5
849,33.96,1053.125,415.25,98.1821517944336,20.80589485168457,0.7001953125,5
850,34.0,1057.09375,414.375,98.18887329101562,20.723777770996094,0.6513671875,5
851,34.04,1059.9375,414.125,98.01302337646484,20.792566299438477,0.67919921875,5
852,34.08,1063.75,413.75,97.8916244506836,20.66616439819336,0.6318359375,5
853,34.12,1067.40625,413.125,97.98780822753906,21.04924201965332,0.6435546875,5
854,34.16,1074.3125,411.25,98.14120483398438,21.244604110717773,0.5927734375,5
855,34.2,1078.125,411.0,98.1838150024414,21.246828079223633,0.63525390625,5
856,34.24,1080.625,411.0,98.81840515136719,25.253625869750977,0.68408203125,5
857,34.28,1083.46875,410.5,98.11373901367188,21.518138885498047,0.681640625,5
858,34.32,1086.8125,411.0,97.9137191772461,24.15043830871582,0.6884765625,5
859,34.36,1094.5625,409.5,98.79751586914062,25.56019401550293,0.6259765625,5
860,34.4,1097.3125,409.375,97.8128433227539,21.64453887939453,0.64404296875,5
861,34.44,1099.8125,409.375,97.90132141113281,25.46002769470215,0.66796875,6
862,34.48,1102.8125,408.375,98.7060775756836,25.907075881958008,0.60205078125,5
863,34.52,1105.5625,408.75,97.91268920898438,25.537982940673828,0.6513671875,6
864,34.56,1111.4375,407.125,98.70096588134766,25.960838317871094,0.609375,6
865,34.6,1114.0625,406.875,97.81624603271484,23.637741088867188,0.60302734375,6
866,34.64,1117.0,406.625,97.33457946777344,25.106414794921875,0.6513671875,5
867,34.68,1119.375,406.25,97.68017578125,25.13035011291504,0.59716796875,5
868,34.72,1121.6875,406.875,97.6864242553711,25.304683685302734,0.441650390625,5
869,34.76,1151.4375,415.25,97.85504150390625,26.547611236572266,0.517578125,5
870,34.8,1164.8125,419.375,97.97242736816406,27.20807456970215,0.57861328125,5
871,34.84,1178.125,424.625,99.44143676757812,28.77376937866211,0.56201171875,6
872,34.88,1192.1875,431.0,101.48663330078125,29.139982223510742,0.404541015625,5
873,34.92,1206.5625,438.75,98.2393798828125,27.273466110229492,0.4609375,5
874,34.96,1232.75,448.611328125,97.7052230834961,28.18901824951172,0.60693359375,5
875,35.0,1243.625,451.138671875,97.74169158935547,28.69051742553711,0.68017578125,5
876,35.04,1256.25,454.73046875,98.2658462524414,29.289518356323242,0.66552734375,5
877,35.08,1268.375,458.9765625,97.6470947265625,30.099279403686523,0.60205078125,5
878,35.12,1280.0,463.8203125,97.39654541015625,30.999374389648438,0.548828125,5
879,35.16,1303.375,476.8125,97.15701293945312,32.427982330322266,0.65673828125,5
880,35.2,1314.125,484.40625,97.7003402709961,32.72136306762695,0.67041015625,5
881,35.24,1326.25,492.1875,97.67443084716797,33.50493240356445,0.6884765625,5
882,35.28,1336.625,495.15625,97.76974487304688,33.721778869628906,0.669921875,5
883,35.32,1347.5,497.921875,97.84716033935547,34.061466217041016,0.68994140625,5
884,35.36,1367.65625,506.09375,97.89942169189453,34.89698028564453,0.6083984375,5
885,35.4,1377.5,511.5,97.75312042236328,35.535484313964844,0.67236328125,5
886,35.44,1387.875,518.15625,97.67435455322266,36.1612548828125,0.68701171875,5
887,35.48,1399.125,524.25,97.67262268066406,36.75981521606445,0.57080078125,5
888,35.52,1407.5,528.1875,97.53192138671875,37.291954040527344,0.75439453125,5
889,35.56,1426.25,535.8125,97.40497589111328,40.02431869506836,0.67822265625,5
890,35.6,1436.25,540.09375,96.81643676757812,40.283660888671875,0.70068359375,5
891,35.64,1446.0,546.09375,96.72103118896484,40.93434524536133,0.67822265625,5
892,35.68,1454.0,549.53125,96.64839935302734,41.430171966552734,0.7041015625,5
893,35.72,1463.625,552.25,96.66254425048828,41.72068405151367,0.6494140625,5
894,35.76,1480.1875,560.15625,96.35647583007812,43.32331848144531,0.556640625,5
895,35.8,1487.75,565.6875,96.33911895751953,43.71110916137695,0.7216796875,5
896,35.84,1497.0,568.25,96.59061431884766,43.83910369873047,0.64892578125,5
897,35.88,1506.25,571.6875,96.70863342285156,44.22063446044922,0.71142578125,5
898,35.92,1515.0,574.875,96.70247650146484,44.590972900390625,0.72314453125,5
899,35.96,1532.25,582.75,96.32941436767578,45.74584197998047,0.7607421875,5
900,36.0,1541.25,585.75,96.30400085449219,46.06359100341797,0.67724609375,5
901,36.04,1551.0,589.4375,96.44705963134766,46.25217819213867,0.69775390625,5
902,36.08,1559.75,593.6875,96.1633071899414,47.39033126831055,0.64501953125,5
903,36.12,1568.5,596.5625,96.03933715820312,47.86663055419922,0.78515625,5
904,36.16,1585.75,604.6875,96.03487396240234,48.68180847167969,0.67724609375,5
905,36.2,1595.0,608.5,95.9380874633789,49.19589614868164,0.6806640625,5
906,36.24,1605.0,611.25,96.05228424072266,49.39057922363281,0.6884765625,5
907,36.28,1613.5,614.25,96.05670166015625,49.65223693847656,0.64697265625,5
908,36.32,1622.75,618.75,95.98009490966797,50.20380401611328,0.71533203125,5
909,36.36,1640.625,624.875,95.79183959960938,51.0248908996582,0.640625,5
910,36.4,1649.625,628.125,97.25396728515625,48.9739875793457,0.60693359375,5
911,36.44,1658.125,632.0625,97.16720581054688,49.433631896972656,0.69921875,5
912,36.48,1665.625,633.0,97.28520965576172,49.58649826049805,0.57958984375,5
913,36.52,1677.125,641.0625,97.22746276855469,50.46623611450195,0.416748046875,5
914,36.56,1671.25,636.0625,97.3586654663086,49.596500396728516,0.229248046875,5
915,36.6,1669.375,634.25,96.79893493652344,47.9797477722168,0.6279296875,5
916,36.64,1667.25,637.0625,96.59297180175781,48.15054702758789,0.70751953125,5
917,36.68,1664.375,638.5625,97.09512329101562,49.836761474609375,0.77099609375,5
918,36.72,1662.25,639.5,97.05645751953125,49.988800048828125,0.759765625,5
919,36.76,1659.75,640.1875,96.9786376953125,50.089420318603516,0.75830078125,5
920,36.8,1659.125,641.6875,96.25018310546875,48.48927688598633,0.763671875,5
921,36.84,1658.0,641.75,96.24398803710938,48.48896789550781,0.75,5
922,36.88,1657.25,642.375,96.20581817626953,48.52487564086914,0.744140625,5
923,36.92,1656.25,643.25,96.1480712890625,48.4060173034668,0.7646484375,5
924,36.96,1655.25,645.5,95.98387145996094,48.79024887084961,0.62060546875,5
925,37.0,1654.375,645.625,96.03697204589844,48.839561462402344,0.71240234375,5
926,37.04,1653.375,645.9375,96.0010757446289,49.145816802978516,0.68017578125,5
927,37.08,1653.125,646.5625,95.9660873413086,49.353702545166016,0.56103515625,5
928,37.12,1651.25,647.3125,95.84945678710938,49.18754959106445,0.67724609375,5
929,37.16,1649.75,648.25,95.76016998291016,49.19789123535156,0.69775390625,5
930,37.2,1648.75,648.5625,95.70137786865234,49.295440673828125,0.70556640625,5
931,37.24,1648.0,649.1875,95.59578704833984,49.367530822753906,0.70556640625,5
932,37.28,1646.875,649.8125,95.51502227783203,49.397586822509766,0.73095703125,5
933,37.32,1646.625,650.0,95.4452133178711,49.27779006958008,0.73583984375,5
934,37.36,1644.625,650.75,95.1600570678711,49.46016311645508,0.69287109375,5
935,37.4,1643.5,651.25,95.06847381591797,49.634342193603516,0.72119140625,5
936,37.44,1642.75,651.75,94.97874450683594,49.753108978271484,0.60595703125,5
937,37.48,1642.25,652.0,95.832275390625,49.29755783081055,0.71044921875,5
938,37.52,1640.875,652.0625,94.9505386352539,50.0560302734375,0.68603515625,5
939,37.56,1639.0,652.5,100.01680755615234,49.00361633300781,0.74755859375,5
940,37.6,1638.0,652.0,95.70037078857422,51.60781478881836,0.693359375,5
941,37.64,1637.25,652.5,95.68927764892578,51.548763275146484,0.65478515625,5
942,37.68,1636.25,651.875,95.67740631103516,51.21255111694336,0.7041015625,5
943,37.72,1635.25,652.0625,95.65483093261719,51.25895690917969,0.67236328125,5
944,37.76,1633.75,651.875,95.25634002685547,51.95206069946289,0.63720703125,5
945,37.8,1632.75,651.5625,95.45616149902344,52.07550811767578,0.65771484375,5
946,37.84,1632.125,652.1875,95.41236114501953,52.111289978027344,0.6982421875,5
947,37.88,1631.625,652.6875,93.25958251953125,54.58991622924805,0.69921875,5
948,37.92,1631.0,653.125,92.071533203125,59.87763977050781,0.66259765625,5
949,37.96,1631.75,652.5,92.29766082763672,59.85549545288086,0.57666015625,5
950,38.0,1628.75,652.6875,92.9301528930664,54.95447540283203,0.54296875,5
951,38.04,1628.75,652.5,92.77862548828125,55.1087760925293,0.54296875,5
952,38.08,1626.875,653.5,91.67149353027344,60.36885452270508,0.515625,5
953,38.12,1625.375,653.75,92.71058654785156,55.11305618286133,0.4951171875,5
954,38.16,1625.375,653.625,92.70333099365234,55.10100555419922,0.482421875,5
955,38.2,1625.625,652.625,92.65855407714844,55.346160888671875,0.5009765625,5
956,38.24,1627.75,652.0,91.84933471679688,60.56916427612305,0.5322265625,5
957,38.28,1630.875,651.0,92.91642761230469,55.30913543701172,0.437744140625,5
958,38.32,1631.875,648.9375,92.04800415039062,60.653587341308594,0.6279296875,5
959,38.36,1636.25,647.1875,92.27070617675781,60.586936950683594,0.56103515625,5
960,38.4,1643.125,645.3125,92.56047058105469,60.60590744018555,0.71240234375,5
961,38.44,1646.625,644.1875,93.6170425415039,55.096065521240234,0.7431640625,5
962,38.48,1650.375,642.6875,93.00482177734375,60.19226837158203,0.61962890625,5
963,38.52,1653.75,641.4375,93.2346420288086,59.91344451904297,0.7216796875,5
964,38.56,1656.25,640.625,93.36392211914062,59.93138122558594,0.681640625,5
965,38.6,1662.75,639.1875,95.91262817382812,52.14775848388672,0.67578125,5
966,38.64,1665.625,637.9375,102.19562530517578,46.54063034057617,0.7099609375,5
967,38.68,1668.375,636.875,94.35887908935547,57.17837905883789,0.6689453125,5
968,38.72,1671.25,636.25,96.56106567382812,51.61186981201172,0.7138671875,5
969,38.76,1673.5,633.75,96.70590209960938,51.462440490722656,0.533203125,5
970,38.8,1677.0,634.5,96.68116760253906,51.64664840698242,0.2049560546875,5
971,38.84,1686.875,633.5,95.31697845458984,54.64566421508789,0.368408203125,5
972,38.88,1688.125,631.5,94.88787078857422,59.309383392333984,0.172119140625,5
973,38.92,1690.0,628.5,95.64193725585938,54.2422981262207,0.21337890625,5
974,38.96,1690.625,626.75,102.73052978515625,46.206417083740234,0.16259765625,5
975,39.0,1698.375,630.0,96.96832275390625,51.935874938964844,0.6259765625,5
976,39.04,1699.625,628.75,95.92449188232422,54.511295318603516,0.658203125,5
977,39.08,1701.875,627.25,95.28376770019531,59.936744689941406,0.69580078125,5
978,39.12,1702.75,627.0,95.96530151367188,54.30907440185547,0.6416015625,5
979,39.16,1704.125,626.0,95.46473693847656,59.249271392822266,0.5361328125,5
980,39.2,1707.25,621.0,96.49729919433594,53.87540817260742,0.2705078125,5
981,39.24,1714.75,622.0625,97.80793762207031,51.41650390625,0.158935546875,5
982,39.28,1718.375,619.875,97.96095275878906,51.30763244628906,0.42626953125,5
983,39.32,1713.5,619.25,97.92648315429688,51.11790084838867,0.445556640625,5
984,39.36,1708.125,621.625,97.7776870727539,51.230224609375,0.25830078125,5
985,39.4,1681.5,573.25,98.4008560180664,52.828277587890625,0.6591796875,5
986,39.44,1678.75,566.0,99.09176635742188,48.69286346435547,0.65478515625,5
987,39.48,1674.625,559.0,99.17013549804688,51.099388122558594,0.6298828125,5
988,39.52,1671.25,553.5,99.9547348022461,45.88273239135742,0.638671875,5
989,39.56,1668.125,547.0,100.04520416259766,45.530887603759766,0.71044921875,5
990,39.6,1660.375,534.0,100.49496459960938,44.51087188720703,0.72119140625,5
991,39.64,1656.875,528.25,104.58536529541016,41.515464782714844,0.6884765625,5
992,39.68,1653.5,523.25,104.77146911621094,41.03412628173828,0.69287109375,5
993,39.72,1650.875,516.5,104.83538818359375,40.80021667480469,0.7822265625,5
994,39.76,1647.25,510.875,104.94505310058594,40.44601058959961,0.69189453125,5
995,39.8,1640.75,500.625,101.5505142211914,41.83061981201172,0.67578125,5
996,39.84,1638.125,496.625,101.70779418945312,41.492828369140625,0.7646484375,5
997,39.88,1635.0,490.625,101.94770812988281,40.982704162597656,0.7392578125,5
998,39.92,1633.125,485.0,102.21229553222656,40.451847076416016,0.74609375,5
999,39.96,1630.0,480.0,102.35114288330078,40.04039764404297,0.71630859375,5
1000,40.0,1624.375,472.5,102.5549087524414,39.45650863647461,0.7099609375,5
1001,40.04,1622.25,468.8125,102.70832824707031,39.127506256103516,0.7041015625,5
1002,40.08,1619.75,462.75,102.8916244506836,38.611934661865234,0.689453125,6
1003,40.12,1617.25,457.75,103.03311920166016,38.306671142578125,0.7138671875,5
1004,40.16,1614.375,454.0,106.21222686767578,36.76771926879883,0.67333984375,5
1005,40.2,1609.625,446.875,103.39218139648438,37.308231353759766,0.73046875,5
1006,40.24,1608.125,446.0,103.40792846679688,37.21711730957031,0.6767578125,5
1007,40.28,1604.625,444.70703125,106.38790893554688,36.06884002685547,0.544921875,5
1008,40.32,1604.0,442.646484375,103.521728515625,36.86003875732422,0.4697265625,5
1009,40.36,1600.5,434.0,103.89139556884766,36.04423904418945,0.5205078125,5
1010,40.4,1600.625,427.25,104.25835418701172,35.45155715942383,0.56494140625,5
1011,40.44,1598.125,428.5,106.9010238647461,34.854774475097656,0.53515625,5
1012,40.48,1597.125,428.75,106.82286834716797,34.96584701538086,0.515625,5
1013,40.52,1597.5,429.125,106.83238220214844,34.99939727783203,0.450439453125,5
1014,40.56,1596.0,427.125,104.19132232666016,35.48628616333008,0.69287109375,5
1015,40.6,1593.75,429.0,106.81204986572266,34.880638122558594,0.5478515625,5
1016,40.64,1592.375,429.375,103.9948959350586,35.64423370361328,0.70556640625,5
1017,40.68,1591.875,429.375,105.16989135742188,35.23152160644531,0.71533203125,5
1018,40.72,1591.0,429.375,104.99787902832031,35.34342575073242,0.763671875,5
1019,40.76,1589.625,429.375,105.12342071533203,34.913516998291016,0.751953125,5
1020,40.8,1588.125,429.375,104.97003936767578,35.1943473815918,0.716796875,5
1021,40.84,1587.625,429.625,104.96343231201172,35.229469299316406,0.7470703125,5
1022,40.88,1586.75,429.625,104.9455795288086,35.218318939208984,0.751953125,5
1023,40.92,1585.875,429.625,104.87336730957031,35.1990966796875,0.77783203125,5
1024,40.96,1585.375,429.625,104.8618392944336,35.19889450073242,0.765625,5
1025,41.0,1583.75,430.0,104.90251922607422,34.81201934814453,0.7568359375,5
1026,41.04,1583.625,430.0,104.84977722167969,35.24934387207031,0.7734375,5
1027,41.08,1583.125,430.0,104.96947479248047,34.82567596435547,0.7705078125,5
1028,41.12,1582.875,429.625,103.45011901855469,34.500301361083984,0.76416015625,5
1029,41.16,1582.375,429.375,103.39481353759766,34.48019790649414,0.76220703125,5
1030,41.2,1581.75,429.375,103.39929962158203,34.4447021484375,0.71533203125,5
1031,41.24,1581.375,429.375,103.34776306152344,34.42281723022461,0.7294921875,5
1032,41.28,1580.875,429.125,103.3226547241211,34.45915985107422,0.70166015625,5
1033,41.32,1580.5,429.125,103.35681915283203,34.43903732299805,0.6806640625,5
1034,41.36,1579.375,429.125,103.27074432373047,34.39276123046875,0.61962890625,5
1035,41.4,1573.125,427.5,103.25642395019531,34.152984619140625,0.513671875,5
1036,41.44,1568.375,426.875,104.23397827148438,34.01139831542969,0.67578125,5
1037,41.48,1564.0,426.875,103.21353912353516,34.119102478027344,0.67919921875,5
1038,41.52,1560.625,427.5,105.60014343261719,35.05665588378906,0.6943359375,5
1039,41.56,1556.0,428.125,103.29530334472656,34.474334716796875,0.69775390625,5
1040,41.6,1550.125,427.5,103.9424819946289,34.23911666870117,0.767578125,5
1041,41.64,1546.25,427.875,102.70026397705078,33.933990478515625,0.73486328125,5
1042,41.68,1544.375,427.5,102.67919921875,33.823997497558594,0.70556640625,5
1043,41.72,1542.5,427.125,103.66761779785156,33.9857292175293,0.7490234375,5
1044,41.76,1541.0,427.125,103.60122680664062,34.05213928222656,0.72021484375,5
1045,41.8,1535.875,427.25,103.60706329345703,34.14331817626953,0.67822265625,5
1046,41.84,1533.9375,427.125,103.49716186523438,34.17049026489258,0.71875,5
1047,41.88,1531.0625,427.125,103.40643310546875,34.039649963378906,0.77734375,5
1048,41.92,1529.375,426.5,103.282958984375,34.309974670410156,0.7421875,5
1049,41.96,1527.8125,426.625,103.21304321289062,34.308006286621094,0.74072265625,5
1050,42.0,1523.125,426.5,103.17245483398438,34.27566146850586,0.71875,5
1051,42.04,1521.5625,426.5,103.09713745117188,34.265201568603516,0.6494140625,5
1052,42.08,1520.0,427.125,103.12903594970703,34.118892669677734,0.611328125,5
1053,42.12,1518.75,426.875,103.0000228881836,34.19997024536133,0.7548828125,5
1054,42.16,1516.875,426.625,102.93448638916016,34.17652893066406,0.7265625,5
1055,42.2,1513.875,425.875,102.5914535522461,33.570716857910156,0.68603515625,5
1056,42.24,1512.375,426.25,102.60157775878906,33.61027526855469,0.67919921875,5
1057,42.28,1511.0625,426.25,102.59735107421875,33.60610580444336,0.638671875,5
1058,42.32,1509.5,426.0,102.46479797363281,33.64213180541992,0.6513671875,5
1059,42.36,1507.8125,426.0,104.51084899902344,34.98014450073242,0.703125,5
1060,42.4,1505.125,425.0,102.47545623779297,33.387901306152344,0.669921875,5
1061,42.44,1503.875,425.375,102.5959243774414,34.00526809692383,0.689453125,5
1062,42.48,1502.5,425.0,102.6922607421875,33.64789962768555,0.71240234375,5
1063,42.52,1501.375,425.0,102.46241760253906,33.797725677490234,0.72802734375,5
1064,42.56,1499.875,425.25,102.37818908691406,33.82733917236328,0.74609375,5
1065,42.6,1497.5,425.0,102.34268188476562,33.77297592163086,0.71533203125,5
1066,42.64,1496.5,425.0,102.3156967163086,33.76722717285156,0.728515625,5
1067,42.68,1495.4375,424.625,102.30014038085938,33.71635818481445,0.70751953125,5
1068,42.72,1494.375,424.625,102.42588806152344,33.551490783691406,0.73583984375,5
1069,42.76,1493.4375,424.625,102.4317398071289,33.55202102661133,0.7138671875,5
1070,42.8,1491.25,424.375,102.23210906982422,33.660892486572266,0.71044921875,5
1071,42.84,1490.25,424.375,102.23849487304688,33.653961181640625,0.7177734375,5
1072,42.88,1489.75,424.375,102.26480865478516,33.651939392089844,0.66650390625,5
1073,42.92,1488.75,424.375,102.21022033691406,33.64548873901367,0.66357421875,5
1074,42.96,1487.6875,424.375,102.1744384765625,33.64540481567383,0.67333984375,5
1075,43.0,1486.0625,424.0,102.16706848144531,33.59360122680664,0.681640625,5
1076,43.04,1485.625,424.375,102.15361785888672,33.63642883300781,0.68701171875,5
1077,43.08,1485.0,423.75,102.1873550415039,33.562347412109375,0.68408203125,5
1078,43.12,1484.375,423.5,101.9153823852539,33.257389068603516,0.712890625,5
1079,43.16,1480.8125,422.5,101.71537017822266,34.110557556152344,0.5224609375,5
1080,43.2,1458.5625,406.875,102.21906280517578,31.22971534729004,0.52734375,5
1081,43.24,1448.3125,401.25,102.57939147949219,31.010007858276367,0.462890625,5
1082,43.28,1437.25,395.875,102.07415008544922,31.264713287353516,0.5537109375,5
1083,43.32,1426.5625,391.25,102.06404113769531,30.735437393188477,0.5078125,5
1084,43.36,1416.625,387.25,102.4092788696289,28.951744079589844,0.4833984375,5
1085,43.4,1397.5,381.5,102.14469909667969,27.716428756713867,0.556640625,5
1086,43.44,1389.6875,376.5,102.58577728271484,27.712495803833008,0.5830078125,5
1087,43.48,1382.34375,369.75,102.57408905029297,26.590391159057617,0.5107421875,5
1088,43.52,1374.4375,364.75,102.85667419433594,26.229825973510742,0.5546875,5
1089,43.56,1367.125,359.625,102.76950073242188,25.665088653564453,0.48046875,5
1090,43.6,1353.59375,352.125,102.75653076171875,24.418922424316406,0.708984375,5
1091,43.64,1347.5,349.75,102.68190002441406,24.110429763793945,0.6748046875,5
1092,43.68,1341.640625,348.125,102.44792175292969,23.977188110351562,0.70068359375,5
1093,43.72,1335.75,345.625,102.48812103271484,23.673118591308594,0.6103515625,5
1094,43.76,1330.734375,341.0,102.78569030761719,23.299816131591797,0.7216796875,5
1095,43.8,1320.375,331.875,102.82688903808594,22.33504295349121,0.6162109375,5
1096,43.84,1315.28125,328.75,102.97109985351562,21.887758255004883,0.7294921875,5
1097,43.88,1311.15625,326.25,103.08830261230469,21.58038902282715,0.68017578125,5
1098,43.92,1305.9609375,324.125,102.77579498291016,20.725162506103516,0.6767578125,5
1099,43.96,1302.375,322.25,102.79129028320312,20.50728988647461,0.73876953125,5
1100,44.0,1293.0,318.75,102.69939422607422,20.014467239379883,0.62255859375,5
1101,44.04,1289.75,314.25,102.75250244140625,19.398128509521484,0.57568359375,5
1102,44.08,1285.45703125,310.5,102.66197204589844,18.884809494018555,0.57177734375,5
1103,44.12,1280.5,307.25,102.41466522216797,19.724416732788086,0.544921875,4
1104,44.16,1276.75,305.25,103.13884735107422,18.181568145751953,0.60205078125,5
1105,44.2,1268.75,304.375,102.90897369384766,18.07053565979004,0.63720703125,5
1106,44.24,1266.25,302.5,102.81796264648438,19.34575843811035,0.6259765625,5
1107,44.28,1264.25,300.75,102.91551971435547,17.682701110839844,0.64404296875,5
1108,44.32,1262.5,299.75,103.33358764648438,18.318260192871094,0.67333984375,5
1109,44.36,1259.75,298.5,103.29350280761719,18.161609649658203,0.62255859375,5
1110,44.4,1255.25,299.125,102.77815246582031,17.485464096069336,0.66552734375,5
1111,44.44,1252.5,300.125,102.96660614013672,18.044816970825195,0.6669921875,5
1112,44.48,1249.875,301.25,102.45745849609375,17.726655960083008,0.607421875,5
1113,44.52,1247.625,300.5,102.41815185546875,17.632625579833984,0.65380859375,5
1114,44.56,1245.375,300.125,102.41842651367188,17.58445167541504,0.71142578125,5
1115,44.6,1242.5,299.625,102.44036102294922,17.4361572265625,0.68994140625,5
1116,44.64,1238.125,299.875,102.30567932128906,17.458663940429688,0.70068359375,5
1117,44.68,1235.5,299.125,102.29230499267578,17.37220573425293,0.62451171875,5
1118,44.72,1233.25,298.75,102.25801849365234,17.32352638244629,0.60693359375,5
1119,44.76,1231.0,298.625,101.72298431396484,18.421466827392578,0.60107421875,4
1120,44.8,1228.75,298.375,102.00444793701172,18.68962287902832,0.60498046875,5
1121,44.84,1224.0,297.625,101.93999481201172,17.290130615234375,0.56396484375,5
1122,44.88,1222.25,297.375,101.83072662353516,17.322643280029297,0.6533203125,5
1123,44.92,1219.3125,297.125,101.82581329345703,17.292165756225586,0.63232421875,5
1124,44.96,1217.5,296.75,101.8390121459961,17.181358337402344,0.6591796875,5
1125,45.0,1215.125,296.625,101.72480773925781,17.162771224975586,0.6162109375,5
1126,45.04,1211.75,295.75,101.23692321777344,17.155414581298828,0.658203125,5
1127,45.08,1209.5,295.625,101.2410659790039,17.143468856811523,0.62158203125,5
1128,45.12,1208.4375,295.375,101.42923736572266,17.028488159179688,0.55078125,5
1129,45.16,1206.4375,295.0,101.41262817382812,17.023019790649414,0.591796875,5
1130,45.2,1204.5625,294.75,101.31190490722656,16.996397018432617,0.57861328125,5
1131,45.24,1200.0,295.125,101.13241577148438,17.096763610839844,0.5947265625,5
1132,45.28,1199.6875,295.625,100.97356414794922,17.215221405029297,0.498046875,5
1133,45.32,1201.4375,295.875,100.97644805908203,17.289024353027344,0.52734375,5
1134,45.36,1202.9375,295.625,101.01354217529297,17.26244354248047,0.56787109375,5
1135,45.4,1204.8125,295.625,101.07521057128906,17.268712997436523,0.56787109375,5
1136,45.44,1207.8125,296.0,101.1670150756836,17.260759353637695,0.546875,5
1137,45.48,1208.875,295.875,101.17140197753906,17.227981567382812,0.56787109375,5
1138,45.52,1209.6875,296.375,101.22176361083984,17.294456481933594,0.5908203125,5
1139,45.56,1210.625,296.625,101.26142120361328,17.287107467651367,0.61328125,5
1140,45.6,1211.75,296.625,101.2995376586914,17.216930389404297,0.57763671875,5
1141,45.64,1214.5625,297.25,101.3721923828125,17.342445373535156,0.56396484375,5
1142,45.68,1215.0,297.5,101.34741973876953,17.32719612121582,0.60595703125,5
1143,45.72,1215.9375,297.5,101.45475769042969,17.32610321044922,0.56494140625,5
1144,45.76,1217.375,297.375,101.52881622314453,17.259384155273438,0.56103515625,5
1145,45.8,1217.9375,297.75,101.45691680908203,17.354833602905273,0.60400390625,5
1146,45.84,1220.125,297.875,101.45594787597656,17.419750213623047,0.638671875,5
1147,45.88,1221.25,298.125,101.45406341552734,17.399871826171875,0.61328125,5
1148,45.92,1222.5,298.0,101.65282440185547,17.332271575927734,0.546875,5
1149,45.96,1224.0,298.375,101.65226745605469,17.43180274963379,0.435791015625,5
1150,46.0,1244.375,300.625,102.06941986083984,17.7027645111084,0.375732421875,5
1151,46.04,1285.17333984375,307.25,102.77749633789062,18.518476486206055,0.60205078125,5
1152,46.08,1302.109375,310.625,103.11396789550781,18.91806411743164,0.403564453125,5
1153,46.12,1321.296875,314.375,103.37315368652344,19.51875114440918,0.5,5
1154,46.16,1340.8125,318.0,103.67700958251953,20.022964477539062,0.439697265625,5
1155,46.2,1359.46875,320.0,104.15291595458984,20.29358673095703,0.498046875,5
1156,46.24,1395.40625,326.25,104.76854705810547,21.03753089904785,0.5029296875,5
1157,46.28,1413.125,330.25,104.9860610961914,21.547801971435547,0.43017578125,5
1158,46.32,1430.875,333.5,105.4530029296875,22.00150489807129,0.521484375,5
1159,46.36,1447.1875,335.25,106.0211410522461,22.15278434753418,0.43212890625,5
1160,46.4,1463.75,338.125,106.57904052734375,22.37104606628418,0.59375,5
1161,46.44,1495.0,344.25,107.22430419921875,23.166292190551758,0.402587890625,5
1162,46.48,1511.0,348.125,107.32771301269531,23.818389892578125,0.59619140625,5
1163,46.52,1526.25,350.0,107.65660858154297,24.176902770996094,0.6298828125,5
1164,46.56,1539.75,352.25,107.8337173461914,24.604795455932617,0.59814453125,5
1165,46.6,1553.375,355.375,108.14595794677734,24.95648193359375,0.662109375,5
1166,46.64,1582.25,360.625,107.54146575927734,27.820514678955078,0.60400390625,5
1167,46.68,1593.5,362.875,109.40458679199219,25.82970428466797,0.60595703125,5
1168,46.72,1607.5,364.625,109.81327056884766,26.12002944946289,0.61328125,5
1169,46.76,1620.375,367.75,108.1902847290039,28.79875946044922,0.658203125,5
1170,46.8,1632.75,370.875,110.40994262695312,26.8725643157959,0.62451171875,5
1171,46.84,1655.375,374.625,109.15553283691406,29.20787811279297,0.6435546875,5
1172,46.88,1665.875,376.625,109.10699462890625,29.90104103088379,0.65576171875,5
1173,46.92,1675.375,379.125,112.05487060546875,28.363597869873047,0.69921875,5
1174,46.96,1685.625,381.25,112.75769805908203,28.984262466430664,0.681640625,5
1175,47.0,1694.625,381.875,109.72643280029297,30.611499786376953,0.66357421875,5
1176,47.04,1711.5,384.375,113.5031509399414,29.262784957885742,0.59814453125,5
1177,47.08,1716.5,386.625,113.62018585205078,29.92236328125,0.57763671875,5
1178,47.12,1710.25,387.125,113.53121948242188,30.005165100097656,0.63525390625,5
1179,47.16,1705.0,385.625,113.6630630493164,29.999074935913086,0.5927734375,5
1180,47.2,1698.25,384.625,113.56243896484375,30.02187728881836,0.64892578125,5
1181,47.24,1686.25,384.25,110.28277587890625,31.872940063476562,0.5869140625,6
1182,47.28,1679.375,385.0,110.26158905029297,31.438936233520508,0.66552734375,6
1183,47.32,1672.75,385.875,110.15066528320312,31.5767879486084,0.64697265625,5
1184,47.36,1666.0,387.125,110.12948608398438,31.741029739379883,0.6689453125,5
1185,47.4,1660.625,386.5,111.22809600830078,31.611038208007812,0.59619140625,5
1186,47.44,1649.375,386.25,111.16368103027344,31.516916275024414,0.67822265625,5
1187,47.48,1643.5,386.625,111.19532012939453,31.46427345275879,0.6943359375,5
1188,47.52,1638.25,386.875,111.20214080810547,31.583810806274414,0.705078125,5
1189,47.56,1633.5,387.75,110.05961608886719,31.706321716308594,0.63720703125,5
1190,47.6,1628.75,388.25,110.0116195678711,31.79572296142578,0.58154296875,5
1191,47.64,1619.375,388.5,112.43138122558594,30.651626586914062,0.68017578125,5
1192,47.68,1614.25,388.75,109.98698425292969,31.873807907104492,0.65478515625,5
1193,47.72,1609.75,388.75,110.70663452148438,32.14048767089844,0.62890625,5
1194,47.76,1605.125,389.25,109.82454681396484,32.070064544677734,0.67724609375,6
1195,47.8,1600.0,389.25,109.87117004394531,31.89153480529785,0.533203125,5
1196,47.84,1590.5,390.375,109.890625,31.99505043029785,0.638671875,5
1197,47.88,1585.0,390.75,109.82218933105469,31.908889770507812,0.70556640625,5
1198,47.92,1580.5,391.0,109.90135192871094,31.83185577392578,0.73779296875,5
1199,47.96,1576.0,390.875,109.73127746582031,32.410255432128906,0.6533203125,5
1200,48.0,1571.25,391.0,112.0394515991211,30.632598876953125,0.72314453125,5
1201,48.04,1562.25,391.0,109.83584594726562,32.215553283691406,0.6982421875,5
1202,48.08,1557.5,391.25,109.75279998779297,32.47340774536133,0.703125,5
1203,48.12,1552.75,391.5,109.69302368164062,32.489295959472656,0.62158203125,5
1204,48.16,1548.25,391.5,109.67906951904297,32.491302490234375,0.67724609375,5
1205,48.2,1543.75,391.5,109.59416961669922,32.62260437011719,0.67724609375,5
1206,48.24,1534.5,391.875,109.58287811279297,32.69874572753906,0.669921875,5
1207,48.28,1529.75,392.25,110.74529266357422,32.0291748046875,0.61669921875,5
1208,48.32,1525.0,392.5,109.51180267333984,32.82942581176758,0.66357421875,5
1209,48.36,1519.875,392.5,110.873046875,32.11697769165039,0.6591796875,5
1210,48.4,1514.0,392.75,109.46682739257812,32.89562225341797,0.55908203125,5
1211,48.44,1518.5625,396.0,111.13558197021484,32.103084564208984,0.5419921875,5
1212,48.48,1530.9375,400.625,111.76445007324219,32.26666259765625,0.58056640625,5
1213,48.52,1543.0,404.0,112.25469207763672,32.26151657104492,0.59912109375,5
1214,48.56,1553.5,408.125,108.61074829101562,37.51362991333008,0.63623046875,5
1215,48.6,1565.25,411.875,113.0432357788086,32.57878112792969,0.626953125,5
1216,48.64,1585.0,419.0,107.49362182617188,40.3299674987793,0.64794921875,5
1217,48.68,1592.75,422.5,107.20099639892578,40.98333740234375,0.69189453125,5
1218,48.72,1601.0,425.0,106.97151184082031,41.54414367675781,0.60302734375,5
1219,48.76,1607.5,428.75,106.58541870117188,42.33283996582031,0.630859375,5
1220,48.8,1614.125,431.5,106.33786010742188,42.883934020996094,0.60302734375,5
1221,48.84,1625.375,437.5,106.01435852050781,43.616127014160156,0.56103515625,5
1222,48.88,1631.0,443.203125,105.82725524902344,43.97459030151367,0.59619140625,5
1223,48.92,1634.75,442.875,113.03875732421875,38.615501403808594,0.64404296875,5
1224,48.96,1639.25,446.0,113.08956146240234,36.28466033935547,0.63330078125,5
1225,49.0,1644.0,448.9970703125,113.21823120117188,39.44109344482422,0.66552734375,5
1226,49.04,1649.75,453.818359375,113.28411102294922,37.095550537109375,0.70751953125,5
1227,49.08,1651.5,456.4375,113.579833984375,40.431766510009766,0.67919921875,5
1228,49.12,1654.375,459.08984375,113.58222198486328,40.9294319152832,0.70654296875,5
1229,49.16,1655.75,461.5625,113.6191635131836,41.1536865234375,0.69775390625,5
1230,49.2,1656.875,463.6484375,113.69668579101562,41.145263671875,0.6953125,5
1231,49.24,1658.75,468.65625,113.90145111083984,41.67011642456055,0.68603515625,5
1232,49.28,1659.0,470.21875,113.94873809814453,42.120723724365234,0.73193359375,5
1233,49.32,1661.0,472.4609375,114.0170669555664,42.4690055847168,0.71240234375,5
1234,49.36,1661.875,474.7109375,113.95027923583984,42.62384796142578,0.7490234375,5
1235,49.4,1663.5,476.953125,113.76199340820312,43.49282455444336,0.75439453125,5
1236,49.44,1667.875,480.5,113.91529083251953,43.42240905761719,0.6689453125,5
1237,49.48,1668.125,481.25,114.00520324707031,43.27594757080078,0.642578125,5
1238,49.52,1670.0,484.65625,113.89417266845703,44.459228515625,0.595703125,5
1239,49.56,1671.25,484.421875,113.70629119873047,43.55985641479492,0.67578125,6
1240,49.6,1670.875,485.625,113.47357177734375,43.035858154296875,0.57177734375,6
1241,49.64,1671.625,487.125,113.62903594970703,43.15204620361328,0.5322265625,6
1242,49.68,1671.75,488.125,113.6756591796875,43.032615661621094,0.59619140625,6
1243,49.72,1673.25,489.375,113.68839263916016,43.30339431762695,0.6689453125,6
1244,49.76,1674.375,489.75,113.72896575927734,43.372581481933594,0.6884765625,6
1245,49.8,1676.875,490.828125,113.70222473144531,43.439849853515625,0.69921875,6
1246,49.84,1680.25,492.3125,113.77824401855469,43.679832458496094,0.72314453125,6
1247,49.88,1681.75,493.125,113.88170623779297,43.65263366699219,0.73583984375,6
1248,49.92,1683.75,494.0,113.88265228271484,43.78059005737305,0.763671875,6
1249,49.96,1685.0,493.75,114.05504608154297,43.76580810546875,0.7041015625,6
1250,50.0,1686.25,494.625,114.07242584228516,43.70024871826172,0.7333984375,6
1251,50.04,1688.75,495.984375,114.15058898925781,43.998600006103516,0.6953125,6
1252,50.08,1690.625,496.5625,114.32707977294922,44.13001251220703,0.75439453125,6
1253,50.12,1691.25,496.625,114.31562042236328,43.96950149536133,0.72705078125,6
1254,50.16,1693.5,497.21875,114.42459869384766,43.92615509033203,0.74462890625,6
1255,50.2,1694.625,497.34375,114.48367309570312,43.959007263183594,0.7490234375,6
1256,50.24,1697.5,498.5,114.78472137451172,44.198875427246094,0.74169921875,6
1257,50.28,1699.0,498.125,114.80772399902344,44.0944709777832,0.732421875,6
1258,50.32,1701.0,499.03125,114.76811981201172,44.148860931396484,0.69189453125,6
1259,50.36,1702.875,499.6875,114.97157287597656,44.21038055419922,0.72705078125,6
1260,50.4,1704.0,499.546875,115.09204864501953,44.23289489746094,0.716796875,6
1261,50.44,1706.875,500.71875,115.14447021484375,44.47056198120117,0.76123046875,6
1262,50.48,1707.875,500.796875,115.16463470458984,44.4887809753418,0.73779296875,6
1263,50.52,1709.375,500.375,115.22428894042969,44.544883728027344,0.72119140625,6
1264,50.56,1711.0,501.5,115.21415710449219,44.6989631652832,0.70751953125,6
1265,50.6,1712.75,501.25,115.26087188720703,44.76777648925781,0.67919921875,6
1266,50.64,1716.0,501.25,115.39424133300781,44.859554290771484,0.64599609375,6
1267,50.68,1716.625,501.25,115.39185333251953,44.85196304321289,0.70556640625,6
1268,50.72,1718.5,501.296875,115.4466323852539,44.9297981262207,0.67578125,6
1269,50.76,1720.25,501.59375,115.50288391113281,45.129852294921875,0.705078125,6
1270,50.8,1721.5,500.796875,115.5542221069336,45.11922836303711,0.71240234375,6
1271,50.84,1726.5,500.34375,115.67076110839844,45.25738525390625,0.70263671875,6
1272,50.88,1728.125,500.5625,115.58871459960938,45.41438293457031,0.67333984375,6
1273,50.92,1730.0,499.8125,115.61820983886719,45.42363739013672,0.68603515625,6
1274,50.96,1728.5,499.890625,115.59188842773438,45.76205825805664,0.2088623046875,6
1275,51.0,1729.125,509.0,115.0814437866211,46.49592971801758,0.544921875,6
1276,51.04,1729.375,529.625,114.30341339111328,47.32130432128906,0.70263671875,6
1277,51.08,1729.125,540.78125,113.71369934082031,47.872283935546875,0.63525390625,6
1278,51.12,1727.5,552.28125,112.81697082519531,48.459564208984375,0.693359375,6
1279,51.16,1725.875,562.96875,112.61056518554688,49.1269416809082,0.63525390625,6
1280,51.2,1725.0,573.1875,112.18805694580078,49.73344421386719,0.6318359375,6
1281,51.24,1723.375,584.0625,111.731201171875,50.37803649902344,0.5888671875,6
1282,51.28,1720.25,602.5625,110.77742767333984,51.30913543701172,0.6494140625,6
1283,51.32,1717.75,612.6875,110.34149932861328,51.76926803588867,0.69775390625,6
1284,51.36,1715.0,620.9375,109.94770050048828,51.96542739868164,0.740234375,6
1285,51.4,1711.875,628.4375,109.54032135009766,52.11512756347656,0.70751953125,6
1286,51.44,1709.375,635.125,108.7005386352539,52.68294906616211,0.7724609375,6
1287,51.48,1702.5,649.25,107.94920349121094,52.155757904052734,0.69580078125,6
1288,51.52,1698.75,656.875,104.58056640625,56.91899108886719,0.72509765625,6
1289,51.56,1694.25,663.75,104.13935089111328,57.351898193359375,0.74169921875,6
1290,51.6,1689.375,670.8125,106.59555053710938,54.68294143676758,0.6806640625,6
1291,51.64,1684.625,676.5625,105.55619812011719,57.54445266723633,0.73388671875,6
1292,51.68,1674.375,688.5625,105.67318725585938,56.121944427490234,0.693359375,6
1293,51.72,1668.125,694.375,105.3908920288086,56.069149017333984,0.71484375,6
1294,51.76,1663.5,699.625,105.21601104736328,55.88798141479492,0.7578125,6
1295,51.8,1657.75,704.75,101.23009490966797,61.11570739746094,0.73388671875,6
1296,51.84,1651.875,709.5,104.92095184326172,56.24030303955078,0.7255859375,6
1297,51.88,1640.25,720.625,99.94288635253906,61.90019989013672,0.71044921875,6
1298,51.92,1635.0,724.375,104.45098114013672,56.49274444580078,0.673828125,6
1299,51.96,1628.75,728.875,99.04644012451172,62.801937103271484,0.73193359375,5
1300,52.0,1624.125,735.75,98.48442840576172,63.61170959472656,0.69921875,5
1301,52.04,1618.75,741.375,103.87892150878906,57.1755256652832,0.73779296875,6
1302,52.08,1609.625,753.375,103.52519226074219,56.81897735595703,0.70751953125,6
1303,52.12,1604.5,759.875,103.28646850585938,56.89360427856445,0.6884765625,6
1304,52.16,1599.75,767.375,102.99048614501953,57.23320770263672,0.60498046875,6
1305,52.2,1596.0,774.75,102.89473724365234,57.35865020751953,0.71923828125,6
1306,52.24,1590.875,782.25,102.78948211669922,57.38313293457031,0.73876953125,6
1307,52.28,1582.25,798.125,102.39230346679688,57.649253845214844,0.69677734375,6
1308,52.32,1578.75,805.875,102.04566192626953,58.18296813964844,0.73486328125,6
1309,52.36,1575.0,813.75,101.91141510009766,58.26572036743164,0.6494140625,6
1310,52.4,1571.375,821.25,101.7407455444336,58.28069305419922,0.359375,6
1311,52.44,1569.0,849.75,101.3546371459961,58.45844650268555,0.2108154296875,6
1312,52.48,1554.125,842.25,101.39307403564453,58.12110900878906,0.26513671875,6
1313,52.52,1555.25,851.25,101.09392547607422,58.78297805786133,0.224365234375,6
1314,52.56,1553.0,850.25,101.13069915771484,58.626731872558594,0.417724609375,6
1315,52.6,1551.25,849.75,101.09503936767578,58.746971130371094,0.625,6
1316,52.64,1550.0,849.625,101.12818145751953,58.74341583251953,0.61865234375,6
1317,52.68,1545.25,846.625,101.05599212646484,58.85881805419922,0.650390625,6
1318,52.72,1544.5,845.625,101.15098571777344,58.5329475402832,0.351806640625,6
1319,52.76,1542.0,844.0,101.05384063720703,58.835567474365234,0.4892578125,6
1320,52.8,1540.75,843.5,101.0801773071289,58.67387390136719,0.355712890625,6
1321,52.84,1538.75,842.5,101.28486633300781,58.14020538330078,0.202392578125,6
1322,52.88,1534.25,841.25,101.17163848876953,58.281044006347656,0.544921875,6
1323,52.92,1534.0,841.0,101.15237426757812,58.25910949707031,0.403564453125,6
1324,52.96,1571.75,840.0,101.5309829711914,58.319454193115234,0.3583984375,6
1325,53.0,1480.75,826.5,101.03138732910156,57.54907989501953,0.450439453125,6
1326,53.04,1435.625,830.625,100.69464874267578,57.13456344604492,0.53515625,6
1327,53.08,1482.25,826.5,100.84722900390625,58.07679748535156,0.5400390625,6
1328,53.12,1482.25,828.125,100.84381103515625,58.1017951965332,0.437744140625,6
1329,53.16,1474.6875,829.75,100.9220199584961,57.74317932128906,0.1961669921875,6
1330,53.2,1450.375,847.75,100.18302917480469,58.60771942138672,0.162109375,6
1331,53.24,,,,,,6
1332,53.28,,,,,,6
1333,53.32,1489.5,830.0,100.77397155761719,58.59439468383789,0.158203125,6
1334,53.36,1498.5,828.75,101.01080322265625,58.30137252807617,0.56298828125,6
1335,53.4,1504.25,827.5,100.928955078125,58.62327575683594,0.1724853515625,6
1336,53.44,1552.875,824.625,101.46431732177734,58.57904815673828,0.153564453125,6
1337,53.48,1558.75,826.875,101.33575439453125,58.97712707519531,0.5947265625,6
1338,53.52,1562.375,824.375,101.47823333740234,58.66101837158203,0.6318359375,6
1339,53.56,1568.125,823.0,101.53453063964844,58.78466033935547,0.260498046875,6
1340,53.6,1566.875,825.5,101.45475769042969,58.78498458862305,0.513671875,6
1341,53.64,1572.5,825.0,101.4977798461914,58.863224029541016,0.315673828125,6
1342,53.68,1573.75,819.625,101.84073638916016,58.06703567504883,0.45703125,6
1343,53.72,1579.75,823.75,101.6119155883789,58.69561767578125,0.39794921875,6
1344,53.76,1586.5,819.625,101.9044418334961,58.195037841796875,0.35302734375,6
1345,53.8,1591.25,822.5,101.82933044433594,58.495262145996094,0.259033203125,6
1346,53.84,1591.75,823.75,101.81971740722656,58.49776840209961,0.202392578125,6
1347,53.88,1547.25,801.875,101.67570495605469,58.472503662109375,0.42919921875,6
1348,53.92,1583.25,825.625,101.67598724365234,58.8429069519043,0.2337646484375,6
1349,53.96,1595.25,821.625,101.83717346191406,58.81355667114258,0.15869140625,6
1350,54.0,1603.5,816.625,102.02030181884766,58.669525146484375,0.154296875,6
1351,54.04,1634.125,768.5,103.12237548828125,58.25504684448242,0.462890625,6
1352,54.08,1647.0,771.625,103.29365539550781,57.9187126159668,0.2100830078125,6
1353,54.12,1657.0,772.25,103.20893859863281,58.47370529174805,0.187744140625,6
1354,54.16,1652.875,773.125,103.14754486083984,58.427127838134766,0.5888671875,6
1355,54.2,1657.25,775.25,103.27001190185547,58.2476692199707,0.38671875,6
1356,54.24,1637.5,756.0,103.46646881103516,57.64940643310547,0.31689453125,6
1357,54.28,1663.125,803.125,102.8275375366211,58.5367546081543,0.182373046875,6
1358,54.32,1666.0,824.0,102.4405746459961,58.955162048339844,0.1639404296875,6
1359,54.36,1654.75,828.75,102.38520812988281,58.69443893432617,0.43212890625,6
1360,54.4,1650.875,832.25,102.2386245727539,58.94059753417969,0.220703125,6
1361,54.44,1649.125,831.625,102.29119873046875,58.73250961303711,0.43310546875,6
1362,54.48,1631.5,771.875,103.117431640625,58.26218032836914,0.2421875,6
1363,54.52,1632.125,767.5,103.25538635253906,58.36702346801758,0.341064453125,6
1364,54.56,1637.75,765.875,103.2594223022461,58.699806213378906,0.34814453125,6
1365,54.6,1648.375,771.875,103.34960174560547,58.4511833190918,0.54296875,6
1366,54.64,1570.0,795.0,102.38201141357422,58.10702133178711,0.607421875,6
1367,54.68,1562.5,795.0,102.30545806884766,58.371192932128906,0.61328125,6
1368,54.72,1557.625,796.0,102.42449951171875,57.82417297363281,0.51953125,6
1369,54.76,1553.875,795.0,102.675048828125,56.986732482910156,0.556640625,6
1370,54.8,1549.5,794.75,102.55158233642578,57.41385269165039,0.50390625,6
1371,54.84,1546.5,796.25,102.45153045654297,57.547279357910156,0.322509765625,6
1372,54.88,1539.75,798.125,94.51885223388672,65.4071273803711,0.52734375,5
1373,54.92,1542.375,823.75,102.10652160644531,57.69681167602539,0.513671875,6
1374,54.96,1542.625,820.0,101.95401763916016,58.36106872558594,0.269775390625,6
1375,55.0,1535.75,798.75,102.21775817871094,58.24315643310547,0.57373046875,6
1376,55.04,1534.75,795.0,102.42535400390625,57.668819427490234,0.158447265625,6
1377,55.08,1537.5,791.625,102.55095672607422,57.50480651855469,0.2049560546875,6
1378,55.12,1539.5,793.125,102.41703796386719,57.93106460571289,0.57373046875,6
1379,55.16,1537.9375,791.875,102.43234252929688,57.94709396362305,0.4072265625,6
1380,55.2,1538.25,790.625,102.42460632324219,57.88801956176758,0.361083984375,6
1381,55.24,1539.8125,791.25,102.4537353515625,57.86479187011719,0.15283203125,6
1382,55.28,1547.25,799.0,102.24053955078125,58.57691955566406,0.39892578125,6
1383,55.32,,,,,,6
1384,55.36,,,,,,6
1385,55.4,1553.75,796.625,102.43035888671875,58.163326263427734,0.21630859375,6
1386,55.44,,,,,,6
1387,55.48,,,,,,6
1388,55.52,1510.9375,766.0,102.74431610107422,57.045814514160156,0.515625,6
1389,55.56,1506.5,765.0,102.29000091552734,57.32831573486328,0.368408203125,6
1390,55.6,1502.25,762.5,102.82408905029297,56.47825241088867,0.2958984375,6
1391,55.64,1499.625,760.0,102.86000061035156,56.363094329833984,0.2440185546875,6
1392,55.68,1488.0,752.375,95.80609893798828,62.82094192504883,0.199951171875,5
1393,55.72,1484.25,748.5,97.20500946044922,63.74205017089844,0.2037353515625,6
1394,55.76,1481.875,747.5,97.14888000488281,63.91487121582031,0.30615234375,6
1395,55.8,1479.125,744.875,97.18913269042969,63.74538803100586,0.237548828125,6
1396,55.84,1472.6875,741.75,97.28881072998047,63.14014434814453,0.2197265625,6
1397,55.88,1467.5,738.75,97.27960968017578,63.293487548828125,0.262939453125,6
1398,55.92,1456.625,738.0,95.63894653320312,62.05751419067383,0.33984375,5
1399,55.96,1448.75,737.5,96.89368438720703,63.484214782714844,0.46875,6
1400,56.0,1444.3125,690.5,98.5972671508789,60.986778259277344,0.2509765625,6
1401,56.04,1431.625,739.0,96.70150756835938,63.03856658935547,0.57568359375,6
1402,56.08,1414.25,741.625,94.53336334228516,61.88163375854492,0.5888671875,5
1403,56.12,1405.8125,742.5,94.5510025024414,61.45335006713867,0.56005859375,5
1404,56.16,1397.125,740.875,102.35685729980469,55.19308090209961,0.56787109375,6
1405,56.2,1407.25,740.25,96.63214874267578,61.566612243652344,0.1812744140625,6
1406,56.24,1416.875,739.25,95.09777069091797,60.92714309692383,0.20751953125,5
1407,56.28,1426.4375,676.5625,102.76423645019531,58.17311477661133,0.171875,5
1408,56.32,1433.75,602.5,102.68612670898438,53.51627731323242,0.299072265625,5
1409,56.36,1429.8125,604.1875,102.09873962402344,55.436885833740234,0.281494140625,6
1410,56.4,1428.0625,605.0,105.88554382324219,51.53153991699219,0.415771484375,6
1411,56.44,1428.4375,605.0,105.8193588256836,51.53829574584961,0.4111328125,6
1412,56.48,1430.5,604.875,105.8359603881836,51.59573745727539,0.303955078125,6
1413,56.52,1431.3125,604.6875,105.9151611328125,51.316497802734375,0.292236328125,6
1414,56.56,,,,,,6
1415,56.6,,,,,,6
1416,56.64,,,,,,6
1417,56.68,1453.75,526.71875,108.55108642578125,48.93115997314453,0.262939453125,6
1418,56.72,1453.75,526.25,108.53826904296875,48.936832427978516,0.2666015625,6
1419,56.76,1453.625,526.46875,108.54579162597656,48.9066162109375,0.2330322265625,6
1420,56.8,1453.4375,528.21875,108.50322723388672,48.974082946777344,0.161865234375,6
1421,56.84,,,,,,6
1422,56.88,,,,,,6
1423,56.92,,,,,,6
1424,56.96,,,,,,6
1425,57.0,,,,,,6
1426,57.04,1442.5,606.25,105.96842193603516,51.689029693603516,0.1710205078125,6
1427,57.08,1445.625,606.875,102.19641876220703,55.585365295410156,0.1563720703125,6
1428,57.12,1447.375,606.375,102.68585205078125,53.665061950683594,0.32861328125,5
1429,57.16,1450.625,606.5625,106.10018157958984,51.472450256347656,0.39892578125,6
1430,57.2,,,,,,6
1431,57.24,,,,,,6
1432,57.28,1386.1875,557.5,103.14584350585938,53.05803298950195,0.2254638671875,6
1433,57.32,1376.875,626.5,100.07382202148438,56.5269889831543,0.17724609375,6
1434,57.36,1348.375,693.875,97.00464630126953,59.84983825683594,0.355224609375,6
1435,57.4,1341.609375,688.875,102.26783752441406,54.28569030761719,0.484375,6
1436,57.44,1336.34375,685.625,102.32269287109375,54.05573654174805,0.451416015625,6
1437,57.48,,,,,,6
1438,57.52,,,,,,6
1439,57.56,1350.375,640.3125,99.05580139160156,58.72859573364258,0.1856689453125,6
1440,57.6,1347.546875,587.0625,105.25848388671875,50.062217712402344,0.1761474609375,6
1441,57.64,1263.375,601.5625,99.56666564941406,55.55711364746094,0.513671875,7
1442,57.68,1294.75,595.0,104.37291717529297,50.356571197509766,0.3173828125,6
1443,57.72,1332.453125,536.25,106.76690673828125,47.773475646972656,0.2183837890625,6
1444,57.76,1338.0,531.40625,104.40210723876953,51.172183990478516,0.1806640625,6
1445,57.8,1367.875,544.75,106.88810729980469,48.33548355102539,0.42431640625,6
1446,57.84,1368.75,546.25,104.24246978759766,51.92316436767578,0.4111328125,6
1447,57.88,1370.625,547.25,106.80467987060547,48.4422492980957,0.37109375,6
1448,57.92,1364.625,559.90625,103.39903259277344,53.05209732055664,0.42822265625,6
1449,57.96,1340.0,545.84375,103.63788604736328,52.03411102294922,0.281494140625,6
1450,58.0,1333.75,554.0,103.07099151611328,52.73306655883789,0.46875,6
1451,58.04,,,,,,6
1452,58.08,,,,,,6
1453,58.12,1328.5,565.0,102.35292053222656,51.681068420410156,0.2137451171875,6
1454,58.16,1325.875,564.25,104.37272644042969,51.32280731201172,0.420654296875,6
1455,58.2,1325.875,560.5,104.54077911376953,51.04496383666992,0.294677734375,6
1456,58.24,1326.5,558.75,102.76744842529297,50.904911041259766,0.25244140625,6
1457,58.28,1327.75,557.5,104.80745697021484,50.91496276855469,0.29345703125,6
1458,58.32,1384.6875,587.0625,105.85505676269531,49.756935119628906,0.1663818359375,6
1459,58.36,1454.375,545.75,108.12642669677734,48.42467498779297,0.29833984375,6
1460,58.4,1576.25,609.0625,106.65904998779297,54.069862365722656,0.56689453125,6
1461,58.44,1583.125,606.0,106.99705505371094,53.6441650390625,0.182373046875,6
1462,58.48,1586.375,603.75,105.30245971679688,53.79865646362305,0.219970703125,6
1463,58.52,1611.875,608.125,107.58319854736328,53.42702102661133,0.56689453125,6
1464,58.56,1619.375,610.0,105.8162612915039,54.22079086303711,0.5830078125,6
1465,58.6,1623.75,611.25,105.85678100585938,54.12605667114258,0.595703125,6
1466,58.64,1631.25,614.75,105.94607543945312,53.64774703979492,0.57275390625,6
1467,58.68,1639.625,613.5625,108.00254821777344,53.468875885009766,0.56298828125,6
1468,58.72,1652.5,613.0,106.69522094726562,54.31101989746094,0.1602783203125,6
1469,58.76,1655.875,613.5,108.43456268310547,53.61930847167969,0.63232421875,6
1470,58.8,1660.375,615.0,106.75096893310547,54.05179214477539,0.6611328125,6
1471,58.84,1665.0,616.75,106.88499450683594,53.84467697143555,0.662109375,6
1472,58.88,1669.75,616.25,108.74337005615234,53.33798599243164,0.6669921875,6
1473,58.92,1677.875,617.0,109.50625610351562,50.4529914855957,0.63720703125,6
1474,58.96,1681.875,617.5,108.16614532470703,54.760414123535156,0.6806640625,6
